CustomerID,RSCORE,F SCORE,M SCORE,RFM SCORE
12346,1,4,4,144
12347,4,1,4,414
12348,2,3,4,234
12349,3,2,4,324
12350,1,3,2,132
12352,3,2,3,323
12353,1,4,1,141
12354,1,2,3,123
12355,1,4,2,142
12356,3,2,4,324
12357,3,1,4,314
12358,4,3,3,433
12359,2,1,4,214
12360,2,1,4,214
12361,1,4,1,141
12362,4,1,4,414
12363,2,3,2,232
12364,4,2,3,423
12365,1,3,2,132
12367,4,4,1,441
12370,2,1,4,214
12371,3,2,4,324
12372,2,2,3,223
12373,1,4,2,142
12374,3,3,3,333
12375,4,3,2,432
12377,1,2,4,124
12378,2,1,4,214
12379,2,3,3,233
12380,3,1,4,314
12381,4,2,4,424
12383,1,2,4,124
12384,3,3,2,332
12386,1,4,2,142
12388,4,2,4,424
12390,2,3,2,232
12391,3,2,2,322
12393,2,2,3,223
12394,2,3,3,233
12395,3,1,4,314
12397,3,1,4,314
12398,3,2,4,324
12399,2,2,3,223
12401,1,4,1,141
12402,1,4,1,141
12403,3,4,2,342
12405,1,2,4,124
12406,3,1,4,314
12407,3,2,4,324
12408,3,1,4,314
12409,2,1,4,214
12410,1,3,3,133
12412,2,2,3,223
12413,2,3,3,233
12414,1,3,2,132
12415,3,1,4,314
12417,4,1,4,414
12418,2,3,3,233
12420,2,3,2,232
12421,4,2,3,423
12422,2,3,3,233
12423,4,1,4,414
12424,1,3,4,134
12425,2,3,3,233
12426,1,3,2,132
12427,3,3,3,333
12428,3,1,4,314
12429,4,2,4,424
12430,3,4,1,341
12431,3,1,4,314
12432,3,1,4,314
12433,4,1,4,414
12434,2,2,3,223
12435,2,3,4,234
12436,2,4,2,242
12437,4,1,4,414
12438,4,2,4,424
12441,1,4,1,141
12442,4,4,1,441
12444,3,1,4,314
12445,3,4,1,341
12446,2,2,3,223
12447,1,3,2,132
12448,3,3,2,332
12449,3,1,4,314
12450,1,4,1,141
12451,4,1,4,414
12452,4,3,2,432
12453,2,2,3,223
12454,2,3,1,231
12455,2,2,4,224
12456,3,1,4,314
12457,2,2,4,224
12458,2,3,3,233
12461,2,3,3,233
12462,3,2,3,323
12463,2,2,3,223
12464,4,3,3,433
12465,3,2,3,323
12468,1,3,3,133
12471,4,1,4,414
12472,3,1,4,314
12473,3,1,4,314
12474,3,1,4,314
12475,2,3,3,233
12476,4,1,4,414
12477,3,1,4,314
12478,4,3,3,433
12479,4,3,2,432
12480,3,1,4,314
12481,3,1,4,314
12483,3,2,4,324
12484,3,1,4,314
12488,4,2,3,423
12489,1,4,2,142
12490,4,1,4,414
12491,3,3,2,332
12492,2,3,1,231
12493,1,3,2,132
12494,4,2,3,423
12497,2,4,3,243
12498,3,3,2,332
12500,3,2,4,324
12501,1,1,4,114
12502,2,1,4,214
12503,1,4,1,141
12504,3,4,1,341
12505,1,4,1,141
12506,1,3,1,131
12507,2,3,3,233
12508,3,2,2,322
12509,1,4,1,141
12510,2,3,3,233
12512,2,3,1,231
12513,2,3,2,232
12514,1,2,3,123
12515,1,4,2,142
12516,2,3,3,233
12517,3,1,4,314
12518,4,1,4,414
12519,2,3,2,232
12520,2,1,4,214
12521,2,3,2,232
12522,3,4,1,341
12523,3,1,4,314
12524,4,1,4,414
12526,4,2,3,423
12527,2,3,2,232
12528,4,2,4,424
12530,2,2,4,224
12531,4,3,1,431
12532,3,4,2,342
12534,2,2,3,223
12535,2,3,3,233
12536,3,1,4,314
12538,3,3,2,332
12539,3,1,4,314
12540,3,1,4,314
12541,3,2,3,323
12544,3,3,2,332
12545,2,2,3,223
12546,3,2,3,323
12547,1,4,1,141
12548,1,4,1,141
12550,2,2,3,223
12551,1,4,1,141
12552,3,3,2,332
12553,4,1,4,414
12556,3,1,2,312
12557,4,3,4,434
12558,4,3,1,431
12559,1,3,2,132
12560,4,1,4,414
12561,1,4,1,141
12562,4,1,4,414
12564,1,3,2,132
12565,1,4,1,141
12566,2,3,2,232
12567,3,1,4,314
12569,4,1,4,414
12571,3,3,2,332
12572,4,2,3,423
12573,1,3,1,131
12574,1,4,1,141
12576,3,2,3,323
12577,3,1,2,312
12578,3,1,4,314
12579,2,3,2,232
12580,1,3,2,132
12581,3,4,1,341
12582,1,3,2,132
12583,4,1,4,414
12584,4,1,4,414
12585,1,2,4,124
12586,3,4,1,341
12587,4,4,1,441
12588,3,4,1,341
12589,3,3,2,332
12590,1,2,4,124
12591,1,3,2,132
12592,2,3,2,232
12593,2,3,2,232
12594,3,1,4,314
12596,2,3,2,232
12597,3,1,4,314
12598,4,1,4,414
12599,3,2,3,323
12600,3,2,4,324
12601,1,3,2,132
12602,2,4,1,241
12603,3,4,3,343
12604,2,4,1,241
12605,1,4,1,141
12607,2,1,1,211
12609,2,2,3,223
12610,3,1,4,314
12611,2,2,3,223
12612,2,3,2,232
12613,2,1,4,214
12614,1,3,2,132
12615,4,1,4,414
12616,2,3,3,233
12617,3,2,2,322
12618,3,4,1,341
12619,4,2,4,424
12620,4,2,3,423
12621,4,1,4,414
12622,1,4,1,141
12623,1,3,2,132
12624,2,3,2,232
12625,1,2,4,124
12626,3,1,4,314
12627,4,1,4,414
12628,4,2,3,423
12630,4,2,3,423
12631,2,3,2,232
12633,2,1,4,214
12635,2,2,4,224
12637,2,1,4,214
12638,3,3,3,333
12639,1,3,2,132
12640,3,2,3,323
12641,2,4,1,241
12642,3,2,3,323
12643,2,3,4,234
12644,2,3,2,232
12645,3,2,4,324
12646,4,2,3,423
12647,3,1,4,314
12648,1,3,2,132
12649,2,3,2,232
12650,4,3,2,432
12651,1,4,1,141
12652,1,2,3,123
12653,1,2,4,124
12654,4,3,2,432
12656,3,1,4,314
12657,4,2,3,423
12658,3,3,3,333
12659,3,4,1,341
12660,4,4,1,441
12662,4,1,4,414
12664,4,3,4,434
12665,1,4,1,141
12666,1,4,1,141
12667,2,3,2,232
12668,4,1,4,414
12669,1,1,3,113
12670,4,2,4,424
12672,1,4,1,141
12673,4,2,2,422
12674,3,2,4,324
12676,3,2,3,323
12678,3,1,4,314
12679,2,2,3,223
12680,4,2,3,423
12681,4,1,4,414
12682,4,1,4,414
12683,4,1,4,414
12684,4,1,4,414
12685,3,1,4,314
12686,1,4,1,141
12688,2,1,4,214
12689,3,2,3,323
12690,1,4,2,142
12691,3,3,3,333
12693,2,3,3,233
12694,2,3,3,233
12695,4,3,2,432
12697,3,2,3,323
12700,4,1,4,414
12701,2,2,3,223
12702,3,4,1,341
12703,2,3,1,231
12704,4,2,4,424
12705,4,1,4,414
12707,1,3,2,132
12708,3,1,4,314
12709,4,1,4,414
12710,2,2,3,223
12712,3,1,4,314
12713,4,3,3,433
12714,4,1,4,414
12715,2,3,2,232
12716,4,2,3,423
12717,1,2,3,123
12718,2,3,1,231
12719,4,2,2,422
12720,4,1,4,414
12721,3,1,4,314
12722,2,2,3,223
12723,4,2,3,423
12724,4,2,3,423
12725,1,3,2,132
12726,3,1,4,314
12727,4,1,4,414
12728,2,2,3,223
12729,2,3,2,232
12731,3,1,4,314
12732,1,4,1,141
12733,1,3,2,132
12734,1,4,1,141
12735,1,2,3,123
12736,1,4,1,141
12738,1,4,1,141
12739,2,3,3,233
12740,2,3,2,232
12743,2,1,2,212
12744,2,1,4,214
12747,4,1,4,414
12748,4,1,4,414
12749,4,1,4,414
12750,2,4,1,241
12752,2,2,4,224
12753,3,1,4,314
12754,1,2,4,124
12755,1,4,4,144
12756,2,4,1,241
12757,4,1,4,414
12758,2,2,4,224
12759,2,2,3,223
12762,4,2,4,424
12763,2,3,2,232
12764,1,2,4,124
12766,4,1,4,414
12769,1,3,3,133
12770,1,4,3,143
12772,2,2,3,223
12775,3,2,3,323
12778,3,2,3,323
12779,3,1,4,314
12781,2,3,3,233
12782,4,1,4,414
12783,4,2,3,423
12784,4,2,2,422
12785,1,4,2,142
12787,4,3,2,432
12789,2,4,1,241
12790,1,3,2,132
12791,1,4,1,141
12792,1,3,2,132
12793,1,3,2,132
12794,2,2,3,223
12795,3,4,2,342
12797,1,3,1,131
12798,4,4,4,444
12802,1,3,2,132
12808,3,3,2,332
12809,1,3,2,132
12811,1,3,2,132
12812,3,4,1,341
12814,2,4,1,241
12815,1,2,3,123
12816,2,3,2,232
12817,1,4,1,141
12818,1,4,3,143
12820,4,2,3,423
12821,1,4,1,141
12822,2,2,3,223
12823,2,4,4,244
12824,2,3,2,232
12826,4,2,3,423
12827,4,3,2,432
12828,4,2,3,423
12829,1,4,1,141
12830,3,3,4,334
12831,1,4,1,141
12832,3,3,2,332
12833,2,3,2,232
12834,1,3,2,132
12836,2,1,4,214
12837,1,4,1,141
12838,3,1,3,313
12839,4,1,4,414
12840,2,1,4,214
12841,4,1,4,414
12842,2,3,3,233
12843,2,1,4,214
12844,3,2,2,322
12845,1,3,2,132
12847,3,2,3,323
12849,3,2,3,323
12851,2,2,1,221
12852,1,3,2,132
12853,2,2,4,224
12854,2,1,3,213
12855,1,4,1,141
12856,4,1,4,414
12857,1,2,3,123
12863,2,4,2,242
12864,2,4,1,241
12865,3,2,3,323
12866,1,3,2,132
12867,3,1,4,314
12868,1,1,3,113
12870,1,4,1,141
12871,2,4,2,242
12872,1,2,2,122
12873,1,4,2,142
12875,2,4,2,242
12876,2,2,4,224
12877,4,1,3,413
12878,1,2,3,123
12879,3,4,2,342
12881,1,4,2,142
12882,4,4,3,443
12883,3,2,3,323
12884,2,4,2,242
12885,2,2,3,223
12886,2,2,3,223
12888,1,4,2,142
12890,3,2,2,322
12891,1,4,2,142
12893,3,3,1,331
12895,3,3,2,332
12897,1,4,1,141
12901,4,1,4,414
12902,1,4,1,141
12904,3,2,2,322
12906,4,2,4,424
12908,1,4,1,141
12909,3,2,4,324
12910,3,2,4,324
12912,4,3,4,434
12913,4,2,4,424
12915,1,3,2,132
12916,2,1,4,214
12917,2,4,2,242
12919,4,2,3,423
12920,3,3,1,331
12921,4,1,4,414
12922,1,3,2,132
12923,2,3,1,231
12924,2,3,3,233
12925,4,2,3,423
12928,3,2,4,324
12929,1,4,1,141
12930,2,3,2,232
12931,3,1,4,314
12933,3,1,2,312
12935,4,1,4,414
12936,3,2,3,323
12937,4,1,3,413
12938,3,4,1,341
12939,2,2,4,224
12940,2,1,3,213
12942,2,2,3,223
12943,1,4,1,141
12944,3,3,2,332
12945,1,3,2,132
12947,2,1,3,213
12948,4,1,4,414
12949,3,1,4,314
12950,4,3,4,434
12951,4,2,3,423
12952,4,2,3,423
12953,4,3,2,432
12955,4,1,4,414
12956,1,3,1,131
12957,4,1,4,414
12962,4,4,1,441
12963,4,2,4,424
12965,2,1,3,213
12966,4,4,1,441
12967,1,3,3,133
12968,2,4,1,241
12970,4,1,2,412
12971,4,1,4,414
12974,1,4,1,141
12976,1,3,3,133
12977,1,4,1,141
12980,1,3,4,134
12981,3,3,2,332
12982,1,3,2,132
12984,3,4,1,341
12985,4,2,3,423
12987,2,3,2,232
12988,1,2,2,122
12989,4,2,4,424
12990,3,4,2,342
12991,3,3,2,332
12993,3,3,2,332
12994,4,2,3,423
12995,2,4,1,241
12997,3,2,3,323
12999,1,3,2,132
13000,2,3,2,232
13001,4,1,4,414
13002,1,4,1,141
13003,2,4,1,241
13004,4,1,4,414
13005,1,3,2,132
13006,2,4,1,241
13008,1,4,1,141
13011,1,4,1,141
13012,4,1,3,413
13013,4,1,4,414
13014,4,1,4,414
13015,2,1,4,214
13016,2,2,3,223
13017,4,4,1,441
13018,4,1,4,414
13021,4,1,4,414
13023,2,3,3,233
13026,4,2,3,423
13027,2,3,4,234
13028,3,2,3,323
13029,3,4,3,343
13030,4,2,3,423
13032,2,2,3,223
13033,1,4,1,141
13034,2,3,2,232
13035,2,3,3,233
13037,2,2,3,223
13038,2,3,3,233
13040,4,2,3,423
13043,1,4,2,142
13044,1,3,2,132
13045,2,3,2,232
13046,3,3,2,332
13047,3,1,4,314
13048,4,1,4,414
13049,2,4,3,243
13050,4,1,4,414
13052,1,3,2,132
13055,2,2,3,223
13058,3,4,1,341
13059,1,4,1,141
13060,1,4,2,142
13061,2,4,1,241
13062,1,4,2,142
13064,4,2,3,423
13065,1,4,1,141
13066,3,2,2,322
13067,2,4,1,241
13068,4,4,2,442
13069,4,1,4,414
13070,1,4,1,141
13072,1,4,1,141
13075,2,3,3,233
13077,4,1,3,413
13078,4,1,4,414
13079,4,4,1,441
13080,1,4,1,141
13081,4,1,4,414
13082,2,2,4,224
13083,4,3,2,432
13085,1,3,1,131
13089,4,1,4,414
13090,4,1,4,414
13091,3,3,2,332
13092,2,3,2,232
13093,1,1,4,114
13094,3,3,4,334
13095,2,4,1,241
13097,3,1,4,314
13098,4,1,4,414
13099,2,4,1,241
13101,1,4,1,141
13102,4,1,4,414
13103,3,4,1,341
13104,4,3,3,433
13106,2,4,1,241
13107,3,2,3,323
13108,1,4,2,142
13109,2,2,3,223
13110,3,1,3,313
13113,4,1,4,414
13115,4,1,4,414
13116,2,3,2,232
13117,3,2,3,323
13118,3,2,3,323
13120,1,4,1,141
13121,1,2,1,121
13122,2,2,3,223
13124,2,1,4,214
13126,4,1,4,414
13127,2,4,1,241
13130,2,4,1,241
13131,3,2,3,323
13132,1,4,1,141
13133,1,4,1,141
13134,2,1,4,214
13135,1,4,4,144
13136,2,1,4,214
13137,4,1,4,414
13138,3,2,3,323
13139,4,1,4,414
13140,2,2,2,222
13141,2,1,4,214
13142,3,3,2,332
13144,1,4,1,141
13145,3,4,2,342
13146,3,3,1,331
13147,4,4,3,443
13148,3,1,4,314
13149,4,2,4,424
13151,1,2,3,123
13153,4,4,2,442
13154,1,4,1,141
13155,3,2,3,323
13157,3,2,4,324
13158,2,2,3,223
13159,4,1,3,413
13160,3,4,1,341
13161,1,4,1,141
13162,2,2,4,224
13165,3,2,3,323
13166,1,2,2,122
13167,3,2,3,323
13168,3,1,3,313
13169,2,4,3,243
13170,3,3,1,331
13171,3,2,2,322
13173,4,2,2,422
13174,4,1,4,414
13176,3,2,2,322
13177,2,3,1,231
13178,3,1,4,314
13182,3,4,1,341
13183,4,2,4,424
13184,4,1,4,414
13185,1,4,1,141
13186,3,2,3,323
13187,1,3,1,131
13188,4,4,1,441
13189,3,3,1,331
13192,2,2,3,223
13193,2,3,1,231
13194,2,4,1,241
13196,4,1,4,414
13198,4,1,4,414
13199,4,1,4,414
13200,3,2,3,323
13203,4,2,3,423
13207,4,4,1,441
13208,2,1,3,213
13209,3,1,4,314
13210,2,3,2,232
13211,4,2,3,423
13212,3,1,3,313
13213,2,2,3,223
13216,1,4,2,142
13217,2,4,1,241
13218,2,4,1,241
13220,2,3,3,233
13221,1,2,3,123
13223,1,4,1,141
13224,2,1,4,214
13225,4,3,4,434
13226,1,4,1,141
13227,1,4,1,141
13228,2,4,2,242
13229,1,4,1,141
13230,4,1,4,414
13232,4,1,3,413
13233,2,2,2,222
13235,1,2,1,121
13236,3,3,3,333
13238,3,3,3,333
13239,1,3,2,132
13240,2,2,3,223
13242,2,4,1,241
13243,1,2,2,122
13244,2,3,1,231
13245,3,4,2,342
13246,3,1,4,314
13247,3,3,2,332
13248,2,3,2,232
13249,2,3,3,233
13253,1,3,3,133
13255,4,4,2,442
13256,4,4,1,441
13258,4,3,3,433
13259,2,2,1,221
13260,2,4,2,242
13261,1,4,3,143
13262,1,4,1,141
13263,4,1,4,414
13265,2,2,4,224
13266,4,1,4,414
13267,4,1,4,414
13268,3,1,4,314
13269,4,1,4,414
13270,1,4,2,142
13271,3,2,1,321
13272,3,4,1,341
13273,2,4,1,241
13276,2,3,2,232
13277,4,4,1,441
13278,3,2,2,322
13279,2,4,1,241
13280,2,2,3,223
13282,3,3,3,333
13283,2,4,1,241
13284,1,4,1,141
13285,3,1,4,314
13291,1,2,2,122
13292,3,3,2,332
13294,1,2,3,123
13295,1,4,1,141
13296,2,4,1,241
13297,4,2,4,424
13298,4,4,2,442
13299,1,4,1,141
13300,1,3,2,132
13301,2,2,2,222
13302,1,4,1,141
13304,1,3,2,132
13305,4,2,4,424
13307,2,4,1,241
13308,3,2,3,323
13309,4,1,3,413
13310,3,2,3,323
13311,4,3,2,432
13313,3,2,3,323
13314,4,2,2,422
13316,3,2,4,324
13317,2,1,4,214
13318,4,3,2,432
13319,4,1,4,414
13320,2,1,3,213
13321,2,4,2,242
13322,3,3,1,331
13323,4,3,3,433
13324,3,2,4,324
13325,2,4,3,243
13327,3,1,4,314
13328,1,3,3,133
13329,3,3,3,333
13330,2,2,3,223
13332,4,3,2,432
13334,2,1,4,214
13336,2,2,3,223
13338,1,3,2,132
13339,1,2,3,123
13340,3,1,4,314
13341,1,2,3,123
13343,1,3,2,132
13344,2,1,4,214
13345,1,3,2,132
13347,2,4,2,242
13348,2,4,1,241
13349,4,4,1,441
13350,4,2,3,423
13351,2,4,2,242
13352,2,3,2,232
13354,2,2,3,223
13355,2,3,3,233
13356,2,2,3,223
13357,1,2,2,122
13358,1,3,2,132
13359,2,3,2,232
13362,4,1,4,414
13363,3,2,3,323
13364,2,3,1,231
13365,3,1,4,314
13366,3,4,1,341
13368,1,3,2,132
13369,1,3,1,131
13370,1,2,3,123
13372,2,3,2,232
13373,2,1,4,214
13375,2,3,3,233
13376,2,2,3,223
13379,3,2,2,322
13381,3,1,4,314
13382,1,4,1,141
13384,3,1,4,314
13385,1,3,2,132
13388,2,3,2,232
13389,4,2,3,423
13390,2,4,2,242
13391,1,4,1,141
13394,4,1,4,414
13395,1,3,2,132
13396,3,2,3,323
13397,2,3,3,233
13398,1,3,2,132
13402,2,3,2,232
13403,3,4,1,341
13404,4,4,1,441
13405,2,3,2,232
13408,4,1,4,414
13410,3,3,3,333
13411,2,3,1,231
13414,2,3,3,233
13416,3,3,3,333
13417,4,3,2,432
13418,4,1,4,414
13419,2,4,1,241
13420,1,4,1,141
13421,3,1,4,314
13422,2,1,4,214
13425,2,2,4,224
13426,4,1,4,414
13427,3,3,2,332
13428,4,2,1,421
13429,4,2,3,423
13430,3,2,3,323
13431,2,2,3,223
13434,2,4,2,242
13435,4,1,4,414
13436,4,4,1,441
13437,4,1,4,414
13439,1,2,1,121
13441,2,4,2,242
13447,3,2,3,323
13448,4,1,4,414
13449,3,3,1,331
13450,3,2,4,324
13451,3,1,4,314
13452,1,4,2,142
13453,1,3,2,132
13455,3,2,3,323
13456,3,2,4,324
13458,4,1,4,414
13460,3,3,1,331
13461,3,3,3,333
13462,1,4,1,141
13464,2,3,3,233
13466,1,3,2,132
13467,4,2,3,423
13468,4,1,4,414
13470,2,4,1,241
13471,4,1,4,414
13473,2,3,2,232
13474,1,2,1,121
13475,1,2,3,123
13476,1,2,3,123
13477,3,2,3,323
13479,1,4,1,141
13481,3,1,4,314
13482,1,4,1,141
13483,2,4,1,241
13484,1,4,2,142
13485,1,3,2,132
13486,2,2,3,223
13487,2,3,2,232
13488,3,1,4,314
13489,2,4,2,242
13491,2,2,3,223
13492,2,2,3,223
13493,1,4,2,142
13494,1,3,2,132
13495,4,2,4,424
13496,4,3,2,432
13497,1,3,2,132
13499,3,2,3,323
13500,3,2,3,323
13501,1,2,3,123
13502,4,3,1,431
13503,2,3,1,231
13504,2,3,2,232
13505,2,1,4,214
13506,1,3,2,132
13507,4,1,4,414
13508,1,4,1,141
13509,4,2,3,423
13510,4,1,4,414
13512,1,4,1,141
13513,2,4,1,241
13514,2,4,1,241
13515,2,2,3,223
13516,3,2,3,323
13517,2,1,4,214
13518,2,3,3,233
13519,2,4,1,241
13520,2,2,4,224
13521,4,1,3,413
13522,3,4,1,341
13523,3,1,4,314
13524,3,3,3,333
13525,4,4,2,442
13527,3,1,4,314
13529,2,4,2,242
13531,1,3,2,132
13532,3,2,1,321
13533,1,2,1,121
13534,4,1,4,414
13536,4,1,4,414
13538,3,3,3,333
13539,2,3,2,232
13544,3,2,1,321
13546,4,2,2,422
13548,2,1,3,213
13549,3,2,3,323
13551,1,4,1,141
13552,2,1,4,214
13555,2,1,4,214
13557,3,3,2,332
13558,4,1,2,412
13560,4,3,1,431
13561,1,4,1,141
13562,2,2,4,224
13563,2,2,3,223
13564,2,2,2,222
13565,3,3,1,331
13566,3,1,3,313
13568,1,2,1,121
13569,3,2,2,322
13570,1,3,1,131
13571,4,1,4,414
13572,1,3,3,133
13573,3,3,2,332
13575,3,2,3,323
13576,4,1,4,414
13577,3,2,4,324
13579,4,3,2,432
13581,1,4,1,141
13583,1,2,3,123
13584,1,3,1,131
13587,2,4,2,242
13588,4,1,4,414
13589,4,3,2,432
13590,4,2,4,424
13591,2,2,3,223
13592,3,4,1,341
13593,2,1,4,214
13594,2,3,2,232
13596,4,1,3,413
13598,3,3,1,331
13599,4,1,4,414
13600,1,3,1,131
13601,3,2,3,323
13602,2,3,2,232
13603,3,3,1,331
13606,3,2,1,321
13607,3,2,3,323
13610,4,1,3,413
13611,2,2,3,223
13614,3,1,3,313
13615,1,3,2,132
13617,3,2,2,322
13618,1,4,1,141
13621,2,3,1,231
13623,3,2,3,323
13626,1,3,1,131
13627,2,2,4,224
13629,3,2,4,324
13630,4,2,4,424
13631,2,4,4,244
13632,3,1,4,314
13634,3,1,3,313
13635,2,2,3,223
13636,3,2,3,323
13637,2,2,3,223
13638,4,4,1,441
13639,2,3,3,233
13642,1,2,2,122
13643,3,3,2,332
13644,4,1,4,414
13645,2,4,1,241
13647,4,2,4,424
13649,1,3,2,132
13650,4,2,4,424
13651,3,4,1,341
13652,3,2,3,323
13654,3,1,4,314
13655,2,2,3,223
13656,1,2,2,122
13657,4,4,2,442
13658,4,1,4,414
13659,1,1,3,113
13662,2,2,3,223
13663,1,4,1,141
13666,2,4,1,241
13667,1,2,2,122
13668,4,1,4,414
13669,3,4,1,341
13670,2,3,2,232
13672,1,4,1,141
13673,3,2,2,322
13675,1,3,2,132
13678,1,4,1,141
13680,4,1,4,414
13681,3,2,3,323
13682,1,4,1,141
13684,1,3,1,131
13685,4,3,4,434
13686,1,4,1,141
13689,2,4,3,243
13690,2,4,1,241
13692,3,2,3,323
13693,1,4,1,141
13694,4,1,4,414
13695,3,2,4,324
13697,3,4,1,341
13699,1,4,2,142
13700,3,1,4,314
13703,1,4,1,141
13704,4,1,4,414
13705,4,3,3,433
13706,1,3,2,132
13707,1,2,3,123
13708,1,2,2,122
13709,4,1,4,414
13710,3,4,1,341
13711,1,4,1,141
13712,1,4,1,141
13715,1,1,3,113
13716,1,3,1,131
13717,3,1,3,313
13718,1,4,2,142
13719,4,2,3,423
13720,2,2,3,223
13721,3,3,2,332
13722,2,2,4,224
13723,1,4,1,141
13725,3,1,4,314
13726,3,2,3,323
13727,3,3,2,332
13728,3,2,3,323
13730,2,2,3,223
13731,1,3,2,132
13732,3,3,2,332
13735,3,1,4,314
13736,4,1,3,413
13737,1,3,2,132
13739,3,4,1,341
13740,1,3,2,132
13741,2,3,3,233
13742,4,1,4,414
13743,4,2,3,423
13744,2,2,3,223
13745,1,3,1,131
13747,1,4,1,141
13748,2,3,3,233
13750,2,3,4,234
13751,1,4,2,142
13752,2,2,3,223
13753,1,3,3,133
13754,1,4,1,141
13755,4,1,4,414
13756,4,1,4,414
13758,4,1,4,414
13759,3,3,3,333
13760,2,2,1,221
13761,3,2,3,323
13762,1,4,1,141
13763,2,3,4,234
13764,2,1,3,213
13767,4,1,4,414
13769,4,1,4,414
13771,2,1,4,214
13772,3,1,3,313
13774,2,3,2,232
13777,4,1,4,414
13778,2,4,1,241
13780,4,2,2,422
13781,1,3,1,131
13782,4,1,3,413
13784,4,3,4,434
13786,1,4,1,141
13787,2,3,2,232
13790,4,2,2,422
13791,2,3,3,233
13792,2,4,1,241
13798,4,1,4,414
13799,2,3,3,233
13800,1,3,2,132
13801,2,3,2,232
13802,2,2,4,224
13803,1,3,1,131
13804,3,1,4,314
13805,2,4,3,243
13806,2,4,1,241
13807,1,4,1,141
13808,4,2,4,424
13809,1,4,1,141
13810,3,3,3,333
13811,1,4,2,142
13812,3,3,2,332
13813,3,2,3,323
13814,2,2,3,223
13815,3,1,4,314
13816,3,3,2,332
13817,3,3,2,332
13819,1,3,3,133
13821,2,2,2,222
13822,4,2,2,422
13823,3,3,3,333
13824,3,2,4,324
13826,1,4,1,141
13827,2,2,2,222
13828,3,4,1,341
13829,1,4,1,141
13831,4,2,4,424
13832,3,4,1,341
13833,1,3,2,132
13835,3,2,3,323
13837,1,3,1,131
13838,4,1,3,413
13841,1,4,1,141
13842,2,1,4,214
13844,4,3,2,432
13845,2,4,2,242
13846,3,2,3,323
13848,2,4,3,243
13849,2,2,3,223
13850,2,2,3,223
13851,2,2,4,224
13853,2,3,3,233
13854,4,1,4,414
13856,1,3,2,132
13858,2,4,1,241
13859,1,3,1,131
13860,4,2,3,423
13862,3,1,4,314
13863,1,3,2,132
13865,2,3,2,232
13866,2,4,1,241
13867,3,2,3,323
13868,4,3,4,434
13869,2,1,4,214
13870,4,1,4,414
13871,3,1,4,314
13873,2,3,2,232
13874,1,3,2,132
13875,2,1,4,214
13876,2,4,1,241
13877,2,4,1,241
13878,2,3,3,233
13880,3,1,4,314
13881,4,1,4,414
13882,4,2,3,423
13883,4,1,4,414
13884,4,2,3,423
13885,1,3,2,132
13886,2,4,1,241
13887,1,3,2,132
13888,2,3,2,232
13889,2,4,2,242
13890,4,1,4,414
13892,3,3,2,332
13893,1,3,3,133
13894,3,3,2,332
13895,3,1,4,314
13897,3,3,2,332
13898,1,4,1,141
13899,4,3,2,432
13900,1,2,3,123
13901,2,1,4,214
13904,3,3,2,332
13908,2,1,4,214
13911,2,1,4,214
13914,4,3,2,432
13917,3,3,1,331
13918,3,3,3,333
13919,2,3,2,232
13922,1,4,1,141
13923,2,3,2,232
13924,4,1,4,414
13925,2,2,2,222
13926,3,4,1,341
13927,2,3,2,232
13928,4,3,2,432
13929,1,4,3,143
13930,2,3,2,232
13931,2,2,3,223
13932,1,4,2,142
13933,2,3,2,232
13934,1,3,3,133
13936,1,3,2,132
13937,1,4,1,141
13938,3,4,1,341
13939,3,2,2,322
13940,3,2,3,323
13941,3,2,4,324
13946,2,4,2,242
13947,2,4,1,241
13948,1,4,1,141
13949,4,1,4,414
13950,4,3,3,433
13951,1,3,3,133
13952,1,1,4,114
13953,4,3,4,434
13954,4,3,2,432
13955,1,3,2,132
13956,4,1,3,413
13958,1,4,1,141
13959,2,2,2,222
13960,3,4,1,341
13962,3,4,1,341
13963,1,3,3,133
13967,2,4,1,241
13969,4,1,4,414
13971,3,1,4,314
13972,2,4,1,241
13973,1,4,1,141
13974,3,3,2,332
13975,3,1,4,314
13976,1,4,2,142
13978,4,4,1,441
13979,2,2,3,223
13980,2,4,1,241
13982,3,1,4,314
13983,3,1,4,314
13984,3,3,2,332
13985,4,1,4,414
13986,3,4,2,342
13988,3,1,4,314
13989,2,3,3,233
13990,1,4,2,142
13991,4,2,3,423
13992,3,4,1,341
13993,3,1,4,314
13994,4,1,4,414
13995,4,2,3,423
13999,4,1,4,414
14000,1,4,2,142
14001,3,3,4,334
14002,2,2,2,222
14004,3,1,4,314
14005,4,2,4,424
14006,2,3,3,233
14009,1,2,3,123
14012,1,4,2,142
14013,2,3,2,232
14014,2,3,2,232
14015,2,3,3,233
14016,1,1,4,114
14019,3,2,3,323
14020,4,3,2,432
14021,1,3,2,132
14022,1,3,2,132
14023,4,3,2,432
14024,2,4,2,242
14027,2,4,1,241
14029,2,4,2,242
14030,3,1,4,314
14031,4,1,4,414
14032,4,1,4,414
14034,3,2,2,322
14035,3,2,3,323
14036,1,3,2,132
14037,1,3,1,131
14038,2,2,3,223
14039,3,4,1,341
14040,3,1,4,314
14041,1,3,1,131
14044,3,1,3,313
14045,2,4,4,244
14046,1,4,1,141
14047,4,3,3,433
14048,1,2,2,122
14049,4,1,4,414
14050,3,2,3,323
14051,4,1,4,414
14052,3,2,1,321
14053,2,4,1,241
14054,2,4,1,241
14055,2,4,3,243
14056,4,1,4,414
14057,3,1,4,314
14059,1,4,1,141
14060,4,1,4,414
14062,4,1,4,414
14064,3,2,3,323
14066,1,4,1,141
14067,2,2,2,222
14068,1,3,1,131
14071,4,1,3,413
14073,3,4,1,341
14075,4,2,3,423
14076,2,2,1,221
14077,3,2,2,322
14078,2,2,3,223
14079,2,4,2,242
14080,3,4,1,341
14081,1,1,3,113
14082,1,3,1,131
14083,4,1,3,413
14085,4,1,4,414
14087,4,2,1,421
14088,4,1,4,414
14089,2,4,1,241
14090,1,4,1,141
14092,4,1,4,414
14093,4,1,2,412
14096,4,1,4,414
14098,3,3,1,331
14099,4,1,4,414
14100,2,3,1,231
14101,2,3,4,234
14102,4,2,3,423
14104,1,3,1,131
14105,1,2,3,123
14107,2,1,4,214
14108,3,3,2,332
14109,2,4,1,241
14110,4,1,4,414
14111,4,4,3,443
14112,3,1,4,314
14113,4,3,3,433
14114,1,4,2,142
14116,3,2,3,323
14117,2,4,1,241
14119,1,4,1,141
14121,4,1,4,414
14124,2,4,2,242
14125,4,1,4,414
14126,4,4,2,442
14127,2,2,3,223
14128,2,2,2,222
14129,4,2,3,423
14130,1,2,2,122
14132,4,1,4,414
14133,2,3,2,232
14135,4,1,4,414
14138,4,2,3,423
14139,3,3,2,332
14140,4,2,3,423
14141,4,2,3,423
14142,1,3,2,132
14143,2,4,1,241
14145,3,4,4,344
14146,4,1,4,414
14147,2,4,2,242
14148,1,4,1,141
14149,1,3,1,131
14150,3,3,3,333
14152,2,2,2,222
14154,1,2,3,123
14155,1,4,1,141
14156,4,1,4,414
14157,3,2,2,322
14158,3,3,2,332
14159,3,1,4,314
14161,1,1,3,113
14162,1,3,1,131
14163,2,2,4,224
14164,2,3,4,234
14165,1,3,1,131
14167,3,2,2,322
14171,2,2,2,222
14173,4,3,2,432
14174,3,3,1,331
14175,2,1,4,214
14176,1,3,2,132
14177,2,2,2,222
14178,4,1,4,414
14179,3,1,3,313
14180,4,1,4,414
14184,2,3,2,232
14185,1,4,1,141
14188,3,2,4,324
14189,4,1,4,414
14191,4,1,4,414
14193,2,2,3,223
14194,4,1,4,414
14195,1,4,3,143
14196,2,4,2,242
14198,3,2,3,323
14199,1,4,1,141
14201,2,3,3,233
14204,4,2,1,421
14205,4,3,1,431
14206,1,3,2,132
14208,2,4,1,241
14209,4,2,4,424
14210,2,1,4,214
14211,2,1,4,214
14212,2,4,3,243
14213,1,4,1,141
14214,3,2,3,323
14215,4,1,4,414
14216,4,2,4,424
14217,4,1,4,414
14218,3,4,1,341
14219,4,4,1,441
14220,1,3,2,132
14221,3,1,4,314
14222,1,3,3,133
14223,2,2,3,223
14224,2,1,3,213
14226,3,2,4,324
14227,3,1,4,314
14229,2,2,3,223
14231,1,2,3,123
14232,3,1,4,314
14233,3,3,3,333
14234,3,1,3,313
14235,2,2,4,224
14236,2,4,2,242
14237,1,4,1,141
14238,1,4,1,141
14239,3,1,4,314
14240,3,2,3,323
14241,1,4,1,141
14242,1,4,1,141
14243,4,1,4,414
14245,1,1,4,114
14246,2,2,3,223
14247,1,3,1,131
14248,1,4,2,142
14250,4,1,4,414
14251,4,2,4,424
14256,1,2,3,123
14257,2,1,4,214
14258,4,1,4,414
14259,2,4,1,241
14261,3,2,3,323
14262,4,1,4,414
14264,1,3,2,132
14265,2,3,2,232
14267,1,2,3,123
14270,1,3,2,132
14271,1,4,1,141
14272,2,3,2,232
14273,2,3,2,232
14276,2,2,3,223
14277,4,1,4,414
14280,1,4,1,141
14282,4,1,4,414
14284,3,3,2,332
14285,3,3,4,334
14286,3,1,4,314
14287,4,4,1,441
14288,1,3,2,132
14289,4,2,3,423
14290,4,1,4,414
14291,4,1,4,414
14292,4,1,4,414
14293,4,2,3,423
14295,3,4,1,341
14297,3,2,3,323
14298,4,1,4,414
14299,4,1,4,414
14300,3,4,1,341
14301,2,4,2,242
14304,1,3,1,131
14305,2,1,4,214
14306,2,3,4,234
14307,2,1,4,214
14309,4,1,4,414
14311,1,3,1,131
14312,3,2,3,323
14314,2,4,1,241
14315,3,1,4,314
14317,2,3,2,232
14320,1,2,2,122
14321,4,1,3,413
14323,2,3,2,232
14326,1,4,1,141
14327,1,4,2,142
14329,3,1,4,314
14331,2,3,2,232
14332,3,3,3,333
14333,2,3,2,232
14334,4,1,4,414
14335,4,2,2,422
14336,4,2,4,424
14338,1,3,2,132
14339,1,3,1,131
14340,1,4,1,141
14341,3,1,4,314
14342,3,3,2,332
14344,2,2,3,223
14345,3,4,1,341
14346,2,2,3,223
14348,1,3,2,132
14349,4,3,1,431
14350,1,3,1,131
14351,1,4,1,141
14352,1,2,3,123
14353,1,4,1,141
14354,4,4,1,441
14355,1,4,1,141
14356,2,3,3,233
14357,3,3,1,331
14359,3,2,3,323
14360,3,1,4,314
14362,3,3,1,331
14364,2,2,4,224
14367,4,1,4,414
14368,1,4,1,141
14371,1,4,1,141
14373,1,4,1,141
14375,1,2,1,121
14377,1,4,2,142
14379,3,2,2,322
14381,2,2,1,221
14382,3,1,2,312
14383,3,2,3,323
14385,4,4,1,441
14386,1,4,1,141
14387,3,1,4,314
14388,4,1,4,414
14389,2,2,3,223
14390,4,1,4,414
14393,1,4,1,141
14395,4,1,4,414
14396,2,2,2,222
14397,4,2,4,424
14400,1,3,2,132
14401,4,1,4,414
14403,2,3,3,233
14404,3,1,3,313
14406,2,4,1,241
14407,2,2,4,224
14408,4,1,4,414
14409,2,2,4,224
14410,2,1,2,212
14411,1,4,3,143
14412,3,2,3,323
14413,1,3,1,131
14414,2,2,3,223
14415,4,1,4,414
14416,3,4,2,342
14418,4,1,4,414
14419,4,1,3,413
14420,2,3,2,232
14421,2,3,3,233
14422,4,1,4,414
14423,1,4,1,141
14424,3,4,2,342
14426,3,1,4,314
14427,3,3,2,332
14428,4,1,3,413
14431,1,3,2,132
14432,4,1,4,414
14434,3,4,3,343
14436,2,4,1,241
14437,1,4,1,141
14438,1,4,1,141
14439,1,3,4,134
14440,4,2,4,424
14441,4,2,3,423
14442,1,2,3,123
14443,2,2,3,223
14446,4,1,3,413
14447,3,2,3,323
14448,4,3,2,432
14449,3,1,3,313
14450,1,3,2,132
14451,2,1,3,213
14452,4,2,1,421
14453,1,3,1,131
14456,4,1,4,414
14457,1,4,1,141
14459,1,3,4,134
14460,2,3,2,232
14461,1,1,4,114
14462,2,1,4,214
14463,2,4,2,242
14465,1,1,3,113
14466,3,2,4,324
14467,3,2,2,322
14470,4,2,2,422
14472,2,1,4,214
14473,2,4,1,241
14474,3,3,2,332
14475,2,2,3,223
14476,1,3,1,131
14477,3,4,3,343
14479,1,3,2,132
14480,4,4,1,441
14481,1,3,2,132
14482,3,1,4,314
14483,1,4,1,141
14484,3,4,2,342
14485,3,2,1,321
14487,3,1,3,313
14488,2,2,3,223
14489,1,3,2,132
14491,1,3,2,132
14493,4,1,4,414
14494,3,4,1,341
14495,3,4,1,341
14496,1,3,2,132
14497,1,3,2,132
14498,3,1,4,314
14499,3,1,3,313
14500,2,4,2,242
14501,1,4,1,141
14502,3,1,4,314
14503,4,1,4,414
14504,3,1,3,313
14505,3,1,4,314
14506,3,1,4,314
14507,3,2,3,323
14508,3,2,1,321
14511,4,2,3,423
14512,1,3,1,131
14513,2,3,2,232
14514,2,2,3,223
14515,3,2,4,324
14517,3,3,2,332
14518,2,4,1,241
14520,4,4,1,441
14522,3,3,3,333
14523,2,4,1,241
14524,3,1,4,314
14525,3,1,4,314
14527,4,1,4,414
14528,3,3,2,332
14529,2,1,2,212
14530,3,1,4,314
14532,1,2,3,123
14533,3,2,4,324
14534,4,1,4,414
14535,2,1,4,214
14536,1,3,1,131
14537,2,4,2,242
14538,2,3,2,232
14539,4,3,2,432
14540,4,2,3,423
14541,2,1,3,213
14542,1,4,1,141
14543,3,1,4,314
14544,3,1,4,314
14546,4,1,4,414
14547,4,1,4,414
14548,1,4,3,143
14549,1,2,1,121
14550,4,2,3,423
14551,3,4,1,341
14552,1,2,1,121
14553,3,1,3,313
14554,4,1,4,414
14555,2,3,2,232
14557,2,3,1,231
14560,4,2,4,424
14561,2,2,3,223
14562,4,1,4,414
14565,2,1,4,214
14566,2,4,3,243
14567,2,3,3,233
14569,4,4,1,441
14570,1,3,1,131
14572,4,1,4,414
14573,1,1,3,113
14576,1,4,1,141
14577,4,1,3,413
14578,4,3,1,431
14581,4,3,1,431
14582,3,4,1,341
14583,4,1,3,413
14584,1,2,3,123
14585,3,3,1,331
14586,1,3,1,131
14587,3,1,3,313
14589,1,4,1,141
14591,4,1,3,413
14592,3,1,2,312
14593,3,1,2,312
14594,4,2,2,422
14595,3,1,4,314
14597,4,2,3,423
14598,3,2,1,321
14600,1,3,2,132
14601,4,4,1,441
14603,1,4,3,143
14606,4,1,4,414
14607,4,1,4,414
14608,4,3,4,434
14609,2,4,2,242
14616,1,4,2,142
14618,4,3,2,432
14619,1,3,2,132
14620,1,3,2,132
14621,4,2,4,424
14622,1,3,2,132
14623,3,1,3,313
14624,2,4,1,241
14625,1,2,3,123
14626,3,1,4,314
14627,1,4,1,141
14628,2,3,3,233
14629,4,1,3,413
14631,3,3,3,333
14632,1,4,1,141
14633,1,3,2,132
14636,3,3,2,332
14638,3,4,2,342
14639,2,1,4,214
14640,3,1,4,314
14641,3,4,1,341
14642,2,4,1,241
14643,1,3,3,133
14644,2,3,3,233
14645,1,3,2,132
14646,4,1,4,414
14647,1,3,1,131
14649,4,1,3,413
14651,2,1,3,213
14652,2,3,1,231
14653,4,1,4,414
14655,4,2,4,424
14656,1,2,1,121
14657,3,1,3,313
14658,4,3,1,431
14659,4,1,4,414
14660,2,3,1,231
14661,3,4,1,341
14662,3,1,3,313
14664,3,2,2,322
14665,2,1,3,213
14666,3,4,1,341
14667,4,1,4,414
14669,1,1,3,113
14670,1,1,2,112
14672,1,2,3,123
14673,4,2,4,424
14675,4,1,2,412
14676,3,2,4,324
14679,1,4,1,141
14680,3,1,4,314
14681,2,4,2,242
14682,1,4,1,141
14684,3,1,3,313
14687,2,4,2,242
14688,4,1,4,414
14689,1,4,1,141
14690,3,2,2,322
14691,3,2,4,324
14692,2,2,2,222
14693,1,4,1,141
14696,4,1,4,414
14697,1,3,1,131
14698,4,1,3,413
14699,1,4,1,141
14700,3,1,4,314
14701,4,1,4,414
14702,4,1,4,414
14703,4,3,2,432
14704,4,1,3,413
14705,1,4,1,141
14708,4,3,3,433
14709,4,1,4,414
14710,4,1,2,412
14711,4,1,4,414
14712,3,3,3,333
14713,4,1,4,414
14714,3,4,1,341
14715,3,2,3,323
14716,3,2,2,322
14719,4,1,3,413
14720,4,3,3,433
14722,1,3,1,131
14723,4,1,3,413
14725,3,2,3,323
14727,1,4,1,141
14729,1,2,2,122
14730,4,1,4,414
14731,3,2,2,322
14732,4,1,4,414
14733,4,1,4,414
14735,4,1,4,414
14737,4,3,3,433
14738,3,2,3,323
14739,4,2,4,424
14740,1,2,3,123
14741,4,2,3,423
14744,4,3,3,433
14745,2,2,3,223
14747,1,3,2,132
14748,3,2,3,323
14752,3,4,2,342
14753,2,3,2,232
14754,3,3,2,332
14755,4,1,4,414
14756,4,3,3,433
14757,2,3,2,232
14758,2,2,3,223
14759,4,1,4,414
14760,1,4,1,141
14761,2,4,1,241
14762,1,3,2,132
14764,3,4,1,341
14765,3,3,1,331
14766,4,1,4,414
14768,3,4,1,341
14769,4,1,4,414
14770,1,2,3,123
14772,2,4,1,241
14775,2,2,3,223
14776,2,1,4,214
14777,1,4,1,141
14778,2,3,3,233
14779,1,3,2,132
14780,2,3,2,232
14782,1,4,1,141
14784,3,4,1,341
14785,4,4,1,441
14788,4,3,3,433
14789,3,4,1,341
14790,4,2,3,423
14792,2,4,1,241
14793,3,4,1,341
14794,4,2,3,423
14795,1,4,1,141
14796,4,1,4,414
14798,2,4,1,241
14799,2,4,1,241
14800,3,1,4,314
14801,2,2,1,221
14803,1,2,3,123
14804,4,4,2,442
14805,4,2,2,422
14806,2,4,1,241
14808,3,1,4,314
14810,3,1,4,314
14813,1,3,1,131
14815,3,2,3,323
14816,1,4,1,141
14817,1,2,3,123
14818,2,2,3,223
14819,2,4,1,241
14820,3,3,2,332
14821,1,4,1,141
14823,1,2,2,122
14824,4,3,3,433
14825,4,1,4,414
14828,1,3,4,134
14829,3,2,2,322
14830,2,3,1,231
14834,3,2,4,324
14836,4,4,1,441
14837,2,1,4,214
14840,1,4,1,141
14841,2,1,4,214
14842,3,1,4,314
14844,2,1,4,214
14847,1,4,2,142
14849,3,1,4,314
14850,1,3,1,131
14851,3,3,2,332
14852,2,1,4,214
14853,3,4,2,342
14854,2,1,4,214
14855,2,3,2,232
14856,3,2,3,323
14857,2,2,3,223
14859,4,2,3,423
14860,3,4,1,341
14861,2,4,1,241
14862,3,2,3,323
14863,3,4,1,341
14865,4,4,1,441
14866,4,1,4,414
14867,1,3,3,133
14868,4,1,4,414
14869,4,2,3,423
14870,1,4,2,142
14871,4,2,2,422
14873,1,3,2,132
14875,2,2,3,223
14878,4,1,3,413
14880,2,2,3,223
14881,3,3,1,331
14882,3,4,2,342
14883,3,2,3,323
14885,2,4,3,243
14886,1,3,2,132
14887,2,4,4,244
14888,1,3,2,132
14889,1,4,1,141
14890,1,4,1,141
14891,1,3,2,132
14893,4,2,3,423
14894,2,3,3,233
14895,4,1,4,414
14896,1,2,2,122
14897,4,2,3,423
14898,3,1,3,313
14901,4,2,3,423
14902,3,3,2,332
14903,3,1,4,314
14904,4,2,3,423
14905,1,3,2,132
14907,4,1,4,414
14908,2,4,1,241
14910,4,3,2,432
14911,4,1,4,414
14912,4,3,3,433
14913,3,2,3,323
14915,2,4,1,241
14916,2,2,3,223
14918,2,2,3,223
14920,1,2,3,123
14921,3,2,3,323
14923,3,2,3,323
14924,1,4,2,142
14929,3,4,1,341
14930,2,1,4,214
14931,4,2,3,423
14932,1,3,2,132
14934,2,2,4,224
14935,1,4,4,144
14936,3,1,4,314
14937,2,3,4,234
14944,3,1,4,314
14946,4,4,1,441
14947,2,4,1,241
14948,3,2,3,323
14950,3,3,2,332
14951,2,3,2,232
14952,2,1,4,214
14953,3,2,1,321
14954,4,2,2,422
14957,1,4,1,141
14958,1,2,2,122
14959,2,2,3,223
14960,4,3,1,431
14961,4,1,4,414
14962,1,4,1,141
14963,4,1,3,413
14964,1,4,1,141
14965,2,2,2,222
14966,4,3,1,431
14967,3,4,2,342
14968,3,3,1,331
14970,2,3,3,233
14971,3,1,3,313
14972,2,3,1,231
14973,2,3,3,233
14974,3,3,1,331
14975,2,4,1,241
14976,2,2,3,223
14978,2,1,4,214
14981,1,4,1,141
14984,3,3,1,331
14985,1,2,2,122
14987,4,4,2,442
14988,1,3,2,132
14995,3,2,1,321
14997,3,3,2,332
14998,1,2,2,122
15000,3,2,2,322
15002,2,1,4,214
15004,1,1,3,113
15005,4,1,4,414
15006,2,1,2,212
15007,1,4,1,141
15009,4,1,3,413
15010,3,3,2,332
15012,2,1,2,212
15014,3,3,1,331
15016,1,3,1,131
15017,3,3,1,331
15018,3,3,2,332
15019,1,2,1,121
15021,4,1,4,414
15022,4,1,3,413
15023,4,1,4,414
15024,4,1,4,414
15025,3,2,2,322
15026,2,2,2,222
15027,3,3,3,333
15028,4,2,2,422
15030,2,4,2,242
15031,4,1,3,413
15032,1,2,4,124
15033,4,1,4,414
15034,4,1,4,414
15035,2,3,1,231
15036,2,1,2,212
15038,2,1,3,213
15039,4,1,4,414
15041,1,2,1,121
15042,1,4,1,141
15043,3,4,2,342
15044,3,1,4,314
15045,1,4,2,142
15046,4,1,4,414
15047,1,3,2,132
15048,2,2,2,222
15049,1,4,1,141
15050,3,2,4,324
15051,3,1,3,313
15052,1,3,1,131
15053,4,2,3,423
15054,4,1,2,412
15057,1,3,3,133
15058,3,1,4,314
15059,3,1,3,313
15060,4,1,2,412
15061,4,1,4,414
15062,2,2,3,223
15063,1,4,2,142
15065,3,1,4,314
15066,2,2,3,223
15067,2,2,4,224
15068,3,1,2,312
15069,1,2,3,123
15070,1,4,1,141
15071,2,3,3,233
15073,4,2,2,422
15074,2,2,3,223
15075,2,3,3,233
15076,1,2,3,123
15078,4,1,4,414
15079,1,2,3,123
15081,3,3,2,332
15083,1,4,1,141
15087,1,4,2,142
15088,3,2,3,323
15089,4,1,4,414
15090,1,3,2,132
15091,2,3,2,232
15092,1,3,2,132
15093,3,1,4,314
15095,2,2,3,223
15096,3,4,1,341
15097,4,3,1,431
15098,1,4,3,143
15099,2,3,2,232
15100,1,4,2,142
15101,4,4,2,442
15103,3,3,3,333
15104,1,2,3,123
15105,3,2,4,324
15106,3,1,3,313
15107,1,3,1,131
15108,2,2,3,223
15109,1,3,2,132
15110,3,3,3,333
15111,3,2,3,323
15113,4,2,4,424
15114,3,1,4,314
15115,3,3,2,332
15116,3,2,3,323
15117,4,2,3,423
15118,2,4,1,241
15119,1,4,1,141
15120,2,3,2,232
15121,3,3,2,332
15122,2,2,3,223
15123,4,1,4,414
15124,3,4,1,341
15125,3,1,4,314
15127,2,4,2,242
15128,2,1,3,213
15129,3,2,4,324
15130,1,3,2,132
15132,3,2,3,323
15133,2,3,3,233
15134,4,2,3,423
15135,1,4,1,141
15136,4,2,3,423
15139,1,4,1,141
15140,2,2,4,224
15142,3,3,2,332
15143,1,4,1,141
15144,4,1,4,414
15145,4,2,3,423
15146,1,2,3,123
15147,1,3,2,132
15148,4,3,2,432
15149,2,3,2,232
15150,3,1,4,314
15152,4,1,4,414
15153,3,3,2,332
15154,2,2,1,221
15156,4,2,3,423
15157,4,1,4,414
15158,3,4,2,342
15159,4,1,4,414
15160,1,4,1,141
15163,3,3,2,332
15164,2,1,3,213
15165,1,3,2,132
15167,1,3,1,131
15168,3,4,1,341
15171,1,4,3,143
15172,4,1,4,414
15174,1,4,1,141
15175,2,3,1,231
15178,1,4,1,141
15179,3,2,4,324
15180,1,4,1,141
15181,2,3,3,233
15182,1,3,2,132
15184,3,2,2,322
15185,2,3,2,232
15186,4,3,2,432
15187,4,2,4,424
15189,4,1,4,414
15192,2,2,3,223
15193,2,3,2,232
15194,4,1,4,414
15195,4,4,4,444
15197,4,3,3,433
15198,2,4,1,241
15199,2,4,3,243
15201,2,2,3,223
15203,3,1,4,314
15204,1,4,2,142
15205,2,3,3,233
15206,4,4,2,442
15208,4,2,3,423
15210,1,3,2,132
15211,2,2,3,223
15212,1,4,1,141
15213,1,3,2,132
15214,4,1,4,414
15215,3,2,2,322
15216,2,4,1,241
15218,4,1,4,414
15219,1,4,2,142
15220,2,1,4,214
15221,1,4,1,141
15222,1,4,2,142
15223,1,3,2,132
15224,1,4,2,142
15225,1,3,2,132
15226,1,4,1,141
15227,3,2,3,323
15228,2,1,4,214
15230,1,3,2,132
15232,2,3,2,232
15234,1,4,1,141
15235,1,1,4,114
15236,1,4,2,142
15237,4,2,3,423
15238,3,2,3,323
15239,4,2,3,423
15240,3,2,4,324
15241,2,1,4,214
15243,2,3,2,232
15244,2,3,2,232
15245,2,2,4,224
15246,1,3,2,132
15247,2,4,2,242
15249,3,1,4,314
15251,4,1,4,414
15252,3,2,3,323
15253,4,2,3,423
15254,2,3,2,232
15255,2,2,3,223
15256,1,4,1,141
15257,1,4,1,141
15258,1,3,2,132
15260,2,2,4,224
15261,2,3,1,231
15262,1,4,1,141
15263,2,4,1,241
15264,2,3,2,232
15265,1,2,3,123
15266,1,4,1,141
15267,3,4,4,344
15269,3,4,2,342
15270,4,2,4,424
15271,4,1,4,414
15272,2,2,3,223
15274,4,2,3,423
15275,3,2,2,322
15276,2,2,1,221
15277,3,4,1,341
15279,1,3,1,131
15280,1,4,1,141
15281,2,1,4,214
15286,3,4,1,341
15287,3,3,2,332
15288,3,2,4,324
15289,3,2,3,323
15290,4,1,4,414
15291,3,1,4,314
15292,1,3,1,131
15296,3,1,4,314
15297,4,3,2,432
15298,4,1,4,414
15299,2,4,4,244
15300,2,3,2,232
15301,3,1,4,314
15303,1,3,2,132
15304,2,3,3,233
15306,2,2,3,223
15307,2,4,1,241
15308,1,3,2,132
15311,4,1,4,414
15312,2,2,3,223
15313,2,4,1,241
15314,1,3,2,132
15315,2,3,2,232
15316,1,4,1,141
15318,4,3,2,432
15319,1,4,1,141
15320,3,3,1,331
15321,2,1,4,214
15322,2,2,2,222
15325,2,2,1,221
15326,1,3,2,132
15327,2,4,1,241
15329,3,2,3,323
15330,3,4,3,343
15332,1,3,4,134
15333,1,4,3,143
15334,1,2,2,122
15335,2,3,1,231
15339,2,2,2,222
15341,2,3,4,234
15342,2,3,2,232
15343,2,3,2,232
15344,4,3,2,432
15345,3,3,2,332
15346,1,3,1,131
15347,1,4,1,141
15348,2,4,1,241
15349,1,2,2,122
15350,1,4,1,141
15351,4,1,4,414
15353,1,2,3,123
15355,3,4,1,341
15356,3,1,4,314
15358,4,1,4,414
15360,3,4,2,342
15361,1,4,2,142
15363,1,3,2,132
15364,2,3,3,233
15365,3,1,3,313
15366,2,2,2,222
15367,2,2,4,224
15368,3,4,2,342
15369,1,4,1,141
15370,3,2,4,324
15372,2,3,4,234
15373,4,1,4,414
15374,2,4,1,241
15376,3,1,3,313
15379,1,1,4,114
15380,4,3,4,434
15381,1,4,2,142
15382,4,1,4,414
15384,1,2,2,122
15385,3,4,2,342
15386,1,3,2,132
15388,1,4,1,141
15389,1,4,2,142
15392,4,2,3,423
15393,4,4,1,441
15394,4,2,4,424
15395,1,4,1,141
15396,2,4,1,241
15397,1,4,1,141
15398,4,2,3,423
15399,4,2,3,423
15400,2,4,3,243
15402,1,2,2,122
15405,1,4,2,142
15406,3,2,2,322
15407,3,1,3,313
15408,1,3,1,131
15410,2,1,4,214
15411,3,2,3,323
15412,1,4,1,141
15414,4,3,3,433
15415,1,2,2,122
15416,2,1,4,214
15417,2,3,2,232
15419,3,4,1,341
15421,2,2,3,223
15422,1,4,1,141
15423,3,4,1,341
15424,1,3,2,132
15426,3,1,3,313
15427,3,1,3,313
15428,4,4,1,441
15429,3,2,2,322
15432,3,4,1,341
15433,1,2,2,122
15434,4,2,3,423
15435,3,3,1,331
15436,4,1,3,413
15437,1,2,1,121
15438,2,3,1,231
15440,2,2,2,222
15442,1,4,2,142
15443,4,1,4,414
15444,4,1,3,413
15445,1,4,1,141
15447,1,4,1,141
15448,1,3,2,132
15449,3,2,3,323
15450,3,3,2,332
15452,3,2,2,322
15453,4,1,3,413
15454,1,3,1,131
15456,1,2,2,122
15457,1,2,1,121
15458,3,4,1,341
15460,1,2,1,121
15462,2,4,1,241
15463,3,4,1,341
15464,1,1,3,113
15465,3,1,4,314
15466,2,2,2,222
15467,4,2,2,422
15468,2,3,2,232
15469,3,3,2,332
15471,4,2,2,422
15472,2,2,2,222
15473,4,4,3,443
15475,2,3,2,232
15478,3,2,3,323
15480,2,2,3,223
15482,4,1,4,414
15483,1,2,1,121
15484,4,1,4,414
15485,3,2,4,324
15488,2,4,1,241
15489,3,2,3,323
15491,2,1,4,214
15492,3,3,3,333
15493,3,1,4,314
15494,3,1,3,313
15497,3,4,3,343
15498,4,1,4,414
15500,4,2,3,423
15502,4,1,4,414
15503,1,2,1,121
15504,2,4,1,241
15505,2,2,4,224
15506,3,1,3,313
15507,1,2,2,122
15508,1,2,3,123
15510,1,4,1,141
15511,4,1,3,413
15512,1,4,1,141
15513,3,1,4,314
15514,4,1,4,414
15516,3,4,1,341
15517,1,3,1,131
15518,2,1,4,214
15520,4,3,2,432
15521,3,1,4,314
15522,3,2,2,322
15523,2,4,2,242
15524,3,4,2,342
15525,4,1,3,413
15526,3,4,1,341
15527,3,1,4,314
15528,1,3,1,131
15529,3,1,4,314
15530,3,1,3,313
15531,4,1,4,414
15532,3,1,3,313
15533,3,2,3,323
15535,1,2,2,122
15537,1,3,1,131
15539,4,3,2,432
15540,4,4,1,441
15541,2,3,1,231
15543,1,3,1,131
15544,4,1,4,414
15545,2,2,1,221
15547,4,1,4,414
15549,2,1,4,214
15550,4,2,2,422
15551,3,3,2,332
15552,1,3,1,131
15553,2,2,2,222
15554,1,4,1,141
15555,4,1,4,414
15556,3,3,1,331
15557,3,3,2,332
15561,4,3,3,433
15562,1,4,1,141
15563,3,1,3,313
15565,3,4,1,341
15567,3,4,1,341
15568,4,2,3,423
15569,2,3,3,233
15570,4,1,4,414
15571,4,2,3,423
15572,4,1,4,414
15573,3,1,2,312
15574,1,1,3,113
15576,3,2,3,323
15577,1,3,1,131
15578,1,4,1,141
15579,2,2,2,222
15581,2,1,4,214
15582,3,2,3,323
15584,3,1,3,313
15585,1,3,2,132
15587,3,4,3,343
15589,1,3,2,132
15590,1,4,1,141
15592,3,3,2,332
15593,2,4,1,241
15594,4,1,4,414
15596,2,2,3,223
15597,3,3,2,332
15598,2,4,1,241
15599,3,2,3,323
15601,4,1,4,414
15602,4,2,3,423
15603,2,4,1,241
15604,2,3,1,231
15605,3,2,3,323
15606,2,2,4,224
15607,1,4,1,141
15608,3,2,3,323
15609,1,3,1,131
15610,2,4,1,241
15611,4,2,3,423
15612,3,4,1,341
15615,4,1,4,414
15618,3,2,3,323
15619,4,4,2,442
15620,2,1,3,213
15621,4,3,3,433
15622,3,1,4,314
15623,2,3,2,232
15624,2,3,2,232
15625,2,2,3,223
15626,2,2,3,223
15628,4,1,4,414
15630,3,2,3,323
15632,4,1,4,414
15634,3,4,1,341
15636,2,3,3,233
15637,2,4,1,241
15638,1,4,1,141
15639,2,3,2,232
15640,4,1,4,414
15641,2,1,4,214
15643,1,3,2,132
15644,1,1,3,113
15645,3,2,2,322
15646,1,3,2,132
15648,1,3,2,132
15649,1,4,3,143
15651,3,3,2,332
15652,2,3,2,232
15653,2,4,3,243
15654,4,3,3,433
15655,1,3,2,132
15656,3,2,3,323
15657,3,4,1,341
15658,1,2,3,123
15659,3,4,2,342
15660,3,2,3,323
15661,1,4,2,142
15663,2,4,1,241
15664,3,3,2,332
15665,1,1,4,114
15667,3,4,2,342
15668,1,4,1,141
15669,3,3,3,333
15670,1,4,1,141
15671,3,2,4,324
15673,2,1,4,214
15674,2,1,4,214
15675,2,3,2,232
15676,3,1,4,314
15677,3,3,3,333
15678,2,4,2,242
15679,3,1,3,313
15680,4,2,3,423
15681,3,2,3,323
15683,2,4,1,241
15687,4,1,4,414
15689,2,4,1,241
15690,4,3,1,431
15691,1,4,1,141
15692,3,4,1,341
15694,4,2,4,424
15695,1,3,2,132
15696,3,1,4,314
15699,3,3,2,332
15700,1,2,3,123
15701,4,1,3,413
15703,1,4,1,141
15704,2,1,4,214
15705,1,4,1,141
15706,2,2,3,223
15707,3,1,3,313
15708,3,1,4,314
15709,1,4,1,141
15712,4,2,3,423
15713,2,3,2,232
15714,4,3,2,432
15716,2,1,3,213
15717,1,4,1,141
15719,3,1,4,314
15720,3,1,2,312
15721,4,2,2,422
15722,3,2,4,324
15723,1,3,1,131
15724,1,4,1,141
15725,4,3,2,432
15727,4,1,4,414
15728,1,4,1,141
15729,1,4,1,141
15730,2,2,3,223
15732,1,4,2,142
15733,1,4,1,141
15734,2,3,3,233
15737,4,2,3,423
15738,3,1,4,314
15739,2,4,2,242
15740,3,4,1,341
15743,4,2,3,423
15744,2,4,1,241
15745,3,2,3,323
15746,2,3,1,231
15747,4,2,3,423
15748,3,3,1,331
15749,1,4,4,144
15750,4,1,4,414
15752,3,1,4,314
15753,1,4,1,141
15754,2,3,2,232
15755,4,1,4,414
15756,2,1,2,212
15757,2,2,3,223
15758,3,4,1,341
15759,1,4,1,141
15762,2,3,2,232
15763,3,2,3,323
15764,2,1,4,214
15766,2,4,2,242
15768,2,3,2,232
15769,4,1,4,414
15773,4,4,2,442
15774,2,3,1,231
15775,1,4,1,141
15776,2,3,1,231
15777,1,3,3,133
15780,1,3,2,132
15781,3,3,2,332
15782,4,2,4,424
15783,4,4,1,441
15785,3,2,4,324
15786,3,1,4,314
15787,3,1,3,313
15789,1,3,2,132
15790,4,3,1,431
15791,3,2,3,323
15793,4,4,3,443
15795,1,2,2,122
15796,4,1,4,414
15797,2,4,4,244
15799,2,2,3,223
15800,2,1,3,213
15801,3,2,3,323
15802,2,4,1,241
15803,2,4,2,242
15804,4,1,4,414
15805,3,1,4,314
15806,3,3,3,333
15807,3,2,3,323
15808,1,1,4,114
15809,3,2,2,322
15810,2,1,3,213
15811,3,1,4,314
15812,2,3,4,234
15813,1,3,3,133
15814,4,2,4,424
15815,2,2,4,224
15819,3,1,4,314
15820,1,3,1,131
15821,3,2,2,322
15822,4,3,3,433
15823,1,3,1,131
15825,1,3,2,132
15826,2,2,4,224
15827,2,1,4,214
15829,2,2,2,222
15830,3,3,2,332
15831,2,2,3,223
15832,1,2,3,123
15834,2,1,4,214
15835,3,2,3,323
15836,3,4,1,341
15837,2,3,2,232
15838,4,1,4,414
15839,3,2,3,323
15840,2,3,2,232
15841,2,2,3,223
15843,1,4,1,141
15844,3,4,1,341
15845,3,1,4,314
15847,3,3,2,332
15850,3,2,1,321
15852,1,3,1,131
15853,2,3,1,231
15854,4,1,4,414
15855,2,2,3,223
15856,4,1,4,414
15857,3,4,2,342
15858,4,1,3,413
15860,3,1,3,313
15861,4,1,4,414
15862,4,1,3,413
15863,3,3,1,331
15864,3,3,4,334
15865,3,3,3,333
15866,2,2,1,221
15867,4,1,4,414
15869,1,4,1,141
15870,3,2,2,322
15872,4,1,2,412
15874,2,1,4,214
15877,4,1,2,412
15880,1,1,2,112
15881,1,3,2,132
15882,1,3,2,132
15883,4,2,2,422
15885,2,3,2,232
15886,2,4,1,241
15888,2,4,1,241
15889,1,2,2,122
15891,1,2,2,122
15894,1,3,1,131
15895,1,4,1,141
15897,1,3,1,131
15898,4,2,3,423
15899,1,4,1,141
15900,3,2,2,322
15901,4,1,2,412
15903,4,2,4,424
15904,4,3,1,431
15906,3,1,3,313
15907,4,1,3,413
15909,1,4,1,141
15910,4,1,3,413
15912,1,3,1,131
15916,4,1,3,413
15917,1,4,1,141
15918,1,3,2,132
15919,3,1,2,312
15920,1,2,1,121
15921,1,3,2,132
15922,1,4,2,142
15923,1,3,1,131
15925,1,4,1,141
15930,2,3,2,232
15932,4,1,4,414
15933,3,2,3,323
15935,1,4,2,142
15937,2,4,1,241
15938,2,3,2,232
15939,2,2,4,224
15940,1,4,1,141
15942,2,4,2,242
15944,1,4,2,142
15945,1,4,1,141
15947,2,3,4,234
15948,4,2,3,423
15949,4,3,2,432
15950,3,1,4,314
15951,4,2,3,423
15952,3,2,3,323
15953,4,1,4,414
15955,3,1,4,314
15957,3,2,2,322
15958,2,4,1,241
15963,3,3,2,332
15965,3,1,3,313
15967,3,2,2,322
15969,4,3,2,432
15970,1,4,2,142
15971,3,3,4,334
15973,1,4,1,141
15974,3,1,4,314
15975,2,3,2,232
15976,1,2,2,122
15977,3,2,3,323
15978,2,2,3,223
15980,2,2,4,224
15981,3,2,4,324
15983,3,1,3,313
15984,4,1,4,414
15985,2,3,3,233
15986,3,4,1,341
15987,4,1,3,413
15988,3,3,1,331
15990,3,2,3,323
15992,4,4,1,441
15993,4,1,4,414
15994,2,3,2,232
15996,2,1,3,213
15998,3,1,4,314
16000,4,4,4,444
16003,3,1,4,314
16005,4,1,2,412
16006,1,4,1,141
16007,3,1,4,314
16008,3,3,2,332
16009,3,2,3,323
16010,1,2,2,122
16011,4,1,4,414
16012,3,2,3,323
16013,4,1,4,414
16014,3,1,3,313
16015,4,1,3,413
16016,4,1,3,413
16017,3,3,1,331
16018,3,3,2,332
16019,3,1,4,314
16020,4,2,3,423
16022,1,2,2,122
16023,3,2,3,323
16024,4,2,1,421
16025,3,3,2,332
16026,3,3,1,331
16027,2,3,3,233
16029,3,1,4,314
16030,1,3,2,132
16031,2,2,2,222
16033,4,1,4,414
16034,1,3,2,132
16036,2,2,3,223
16037,1,3,3,133
16038,4,3,2,432
16040,2,2,3,223
16041,3,4,4,344
16042,3,2,3,323
16043,3,3,3,333
16045,2,2,3,223
16048,1,4,1,141
16049,3,1,3,313
16050,1,4,1,141
16052,2,3,2,232
16053,3,2,3,323
16054,2,2,3,223
16055,1,4,1,141
16056,3,2,3,323
16057,4,1,4,414
16059,2,1,3,213
16061,1,4,1,141
16062,4,2,3,423
16063,1,3,2,132
16065,1,2,2,122
16066,4,1,3,413
16070,3,3,3,333
16071,3,3,2,332
16072,1,3,2,132
16073,1,4,1,141
16076,4,1,4,414
16078,1,4,1,141
16079,4,3,3,433
16080,2,4,1,241
16081,2,1,4,214
16083,2,3,3,233
16084,1,3,2,132
16085,3,1,3,313
16086,2,3,3,233
16091,1,3,2,132
16092,2,2,3,223
16093,2,4,1,241
16094,4,2,3,423
16096,1,4,2,142
16097,1,4,1,141
16098,2,2,4,224
16099,3,3,3,333
16101,2,2,3,223
16102,3,2,4,324
16103,4,2,3,423
16104,2,3,2,232
16105,1,4,2,142
16106,2,4,1,241
16107,3,3,4,334
16108,2,2,3,223
16109,1,3,2,132
16110,3,1,3,313
16112,2,4,1,241
16113,1,3,1,131
16114,1,4,1,141
16115,4,1,4,414
16116,1,3,2,132
16117,1,3,1,131
16119,4,4,2,442
16120,2,3,3,233
16121,2,1,3,213
16122,2,3,3,233
16123,2,4,2,242
16124,1,4,1,141
16125,1,4,1,141
16126,3,1,4,314
16127,3,3,3,333
16128,3,2,4,324
16131,2,2,4,224
16133,4,1,4,414
16134,3,3,2,332
16135,1,3,2,132
16136,2,3,3,233
16138,1,4,1,141
16139,3,3,2,332
16140,2,3,3,233
16141,2,3,2,232
16142,1,3,2,132
16143,4,1,4,414
16144,1,4,1,141
16145,4,1,4,414
16146,1,3,3,133
16147,2,3,2,232
16148,1,4,1,141
16149,4,3,1,431
16150,3,1,4,314
16152,1,3,4,134
16153,3,2,4,324
16156,4,1,4,414
16157,4,3,2,432
16159,1,4,2,142
16160,2,3,3,233
16161,4,1,4,414
16162,1,4,1,141
16163,1,4,2,142
16164,3,3,3,333
16168,4,2,4,424
16169,4,2,4,424
16170,3,1,4,314
16171,2,4,1,241
16172,2,2,3,223
16173,4,2,3,423
16174,2,3,3,233
16175,2,2,3,223
16177,3,4,2,342
16178,2,4,1,241
16179,2,4,1,241
16180,2,1,4,214
16181,2,4,2,242
16182,2,3,4,234
16183,2,4,2,242
16184,2,2,3,223
16185,4,3,2,432
16186,3,1,4,314
16187,3,1,4,314
16188,3,2,3,323
16189,4,4,1,441
16190,3,4,1,341
16191,4,1,4,414
16193,1,3,2,132
16198,2,4,2,242
16200,4,1,3,413
16201,4,1,4,414
16202,1,3,2,132
16203,2,3,2,232
16204,3,2,2,322
16205,3,2,3,323
16206,2,2,2,222
16207,3,3,2,332
16208,3,2,3,323
16209,2,2,4,224
16210,4,1,4,414
16211,2,3,2,232
16212,3,2,3,323
16213,2,4,1,241
16214,1,2,3,123
16215,2,4,1,241
16216,1,3,3,133
16217,1,3,1,131
16218,3,2,4,324
16221,3,2,3,323
16222,1,1,3,113
16224,2,2,3,223
16225,3,1,3,313
16226,1,4,1,141
16227,1,4,2,142
16229,2,2,3,223
16230,1,3,2,132
16232,3,3,3,333
16233,2,3,2,232
16235,3,2,3,323
16236,2,3,2,232
16239,2,3,2,232
16240,3,1,4,314
16241,4,1,4,414
16242,4,1,4,414
16243,3,2,2,322
16244,1,2,3,123
16245,3,2,3,323
16247,1,4,1,141
16248,2,4,1,241
16249,2,2,4,224
16250,1,3,2,132
16252,1,3,1,131
16253,2,1,4,214
16255,4,1,4,414
16256,1,4,3,143
16257,1,4,1,141
16258,3,1,4,314
16260,3,3,3,333
16261,3,1,3,313
16262,1,4,1,141
16265,4,1,4,414
16266,2,2,3,223
16268,2,2,3,223
16270,1,2,3,123
16271,4,1,3,413
16272,2,3,2,232
16274,1,2,2,122
16275,1,3,2,132
16276,1,4,3,143
16278,2,3,2,232
16279,3,1,3,313
16281,2,3,4,234
16282,1,4,1,141
16283,4,1,3,413
16284,3,1,3,313
16287,1,4,1,141
16292,2,3,1,231
16293,3,1,4,314
16295,4,2,3,423
16297,1,3,1,131
16298,3,3,2,332
16302,2,4,1,241
16303,3,1,4,314
16305,2,3,2,232
16306,1,2,2,122
16308,3,4,4,344
16309,2,2,3,223
16311,3,3,2,332
16313,4,4,1,441
16315,1,4,1,141
16316,2,1,4,214
16317,2,2,3,223
16318,3,3,2,332
16319,1,4,2,142
16320,1,2,3,123
16321,2,4,1,241
16322,4,3,2,432
16323,1,4,1,141
16324,2,1,2,212
16325,3,3,2,332
16326,4,1,4,414
16327,4,1,4,414
16330,3,3,1,331
16332,3,1,3,313
16333,4,2,4,424
16337,3,4,1,341
16338,1,4,1,141
16339,1,3,1,131
16340,2,1,2,212
16341,3,2,4,324
16342,2,4,2,242
16343,4,2,2,422
16344,1,4,1,141
16345,3,3,2,332
16347,4,2,3,423
16348,3,1,3,313
16349,1,4,1,141
16350,3,2,3,323
16351,1,4,1,141
16352,3,3,2,332
16353,4,2,4,424
16354,2,3,2,232
16356,1,3,1,131
16357,3,3,3,333
16358,4,1,4,414
16359,4,2,3,423
16360,4,1,4,414
16361,4,1,3,413
16362,3,2,3,323
16363,2,4,1,241
16364,4,2,3,423
16365,3,2,3,323
16366,3,3,2,332
16367,3,1,3,313
16368,4,2,2,422
16369,3,1,3,313
16370,2,1,3,213
16372,3,2,2,322
16374,2,1,2,212
16376,4,1,3,413
16377,1,4,3,143
16378,1,3,2,132
16379,4,1,4,414
16380,2,3,4,234
16383,2,1,3,213
16384,2,3,2,232
16385,2,2,2,222
16386,3,2,2,322
16387,1,4,1,141
16389,2,3,3,233
16392,1,2,1,121
16393,4,1,4,414
16394,2,2,3,223
16395,2,1,3,213
16398,1,2,4,124
16399,3,2,2,322
16400,2,3,2,232
16401,4,1,4,414
16402,1,2,2,122
16403,1,4,1,141
16404,2,3,2,232
16405,1,4,1,141
16406,3,2,1,321
16407,4,1,4,414
16409,3,1,4,314
16411,3,2,1,321
16412,2,3,1,231
16413,2,3,1,231
16414,3,4,1,341
16415,3,2,1,321
16416,3,2,3,323
16418,3,1,3,313
16419,2,2,3,223
16422,3,1,4,314
16423,3,3,2,332
16424,1,4,1,141
16425,1,3,2,132
16426,4,1,4,414
16427,1,4,1,141
16428,1,4,1,141
16429,2,4,1,241
16430,2,4,2,242
16431,1,2,2,122
16432,2,4,1,241
16433,3,3,1,331
16434,3,1,3,313
16438,4,1,3,413
16440,4,1,4,414
16441,2,3,2,232
16442,4,1,2,412
16444,3,2,2,322
16445,3,2,1,321
16446,4,4,1,441
16447,2,3,1,231
16448,1,3,1,131
16449,1,2,3,123
16450,1,4,2,142
16451,2,4,1,241
16454,3,4,1,341
16455,2,2,4,224
16456,2,1,4,214
16457,1,4,1,141
16458,4,1,4,414
16460,3,1,3,313
16461,1,3,1,131
16462,2,4,1,241
16463,3,2,3,323
16464,3,1,3,313
16466,3,1,3,313
16468,2,4,1,241
16469,3,1,3,313
16470,2,1,3,213
16471,1,4,1,141
16473,1,3,2,132
16474,4,1,4,414
16475,2,3,2,232
16477,2,1,4,214
16478,3,3,2,332
16479,4,3,2,432
16480,2,2,3,223
16482,4,3,1,431
16483,1,3,1,131
16484,1,3,2,132
16485,2,2,2,222
16488,3,3,2,332
16491,3,3,3,333
16493,2,2,3,223
16494,1,2,3,123
16495,4,2,3,423
16496,4,2,3,423
16497,3,1,4,314
16498,1,4,1,141
16499,1,3,2,132
16500,4,4,2,442
16503,2,2,3,223
16504,3,2,2,322
16505,3,4,3,343
16506,3,4,1,341
16509,1,4,2,142
16510,1,4,1,141
16511,3,1,3,313
16513,4,3,3,433
16515,2,1,4,214
16516,3,4,1,341
16517,1,3,1,131
16518,2,2,2,222
16519,3,4,1,341
16520,1,1,3,113
16523,4,1,4,414
16525,4,1,4,414
16526,1,4,1,141
16527,2,4,1,241
16528,4,3,1,431
16529,1,3,2,132
16531,3,2,3,323
16532,3,4,4,344
16533,3,1,3,313
16535,4,3,2,432
16536,2,2,2,222
16539,4,2,3,423
16542,2,4,1,241
16545,1,4,2,142
16546,1,3,1,131
16549,4,1,4,414
16550,2,1,4,214
16551,2,3,3,233
16552,1,3,2,132
16553,1,2,4,124
16554,3,2,2,322
16555,3,3,1,331
16556,2,1,4,214
16557,3,4,1,341
16558,4,1,4,414
16560,3,2,3,323
16561,4,3,2,432
16563,2,3,3,233
16565,1,4,1,141
16566,4,3,2,432
16567,1,3,3,133
16569,4,4,1,441
16570,4,1,4,414
16571,3,1,3,313
16572,2,2,3,223
16573,2,2,2,222
16574,2,3,2,232
16579,1,4,1,141
16581,1,4,1,141
16582,2,4,2,242
16583,1,4,1,141
16584,2,3,3,233
16586,1,4,2,142
16587,1,4,1,141
16589,2,3,2,232
16591,2,4,1,241
16592,4,1,4,414
16593,3,3,2,332
16594,2,2,1,221
16595,2,2,2,222
16596,4,4,1,441
16597,4,4,1,441
16598,1,4,1,141
16600,4,2,3,423
16601,3,3,1,331
16602,3,3,2,332
16603,2,3,2,232
16607,3,1,4,314
16609,4,1,4,414
16610,1,4,1,141
16611,1,4,1,141
16612,3,2,3,323
16613,2,3,2,232
16614,1,3,2,132
16616,4,3,2,432
16617,1,4,1,141
16618,3,2,4,324
16619,1,4,1,141
16620,4,4,1,441
16621,2,3,3,233
16623,1,4,1,141
16624,2,2,3,223
16625,1,3,2,132
16626,4,1,4,414
16627,2,3,2,232
16628,3,1,4,314
16629,2,2,2,222
16633,3,1,4,314
16634,1,4,1,141
16637,3,2,3,323
16638,3,2,4,324
16639,3,2,3,323
16641,2,4,1,241
16642,4,3,3,433
16643,1,3,2,132
16644,1,2,3,123
16647,1,4,1,141
16648,3,3,1,331
16650,2,3,2,232
16652,2,1,4,214
16653,4,2,3,423
16654,2,3,2,232
16655,3,1,4,314
16656,3,2,4,324
16657,4,1,3,413
16658,1,4,1,141
16659,1,4,1,141
16660,4,3,3,433
16665,1,4,1,141
16666,3,3,1,331
16667,2,2,2,222
16668,4,3,2,432
16669,3,1,3,313
16670,4,1,4,414
16671,3,4,4,344
16672,4,1,4,414
16674,2,2,2,222
16676,3,2,3,323
16678,4,1,4,414
16679,1,4,1,141
16680,3,4,1,341
16681,2,2,4,224
16682,4,3,3,433
16684,4,1,4,414
16685,2,2,2,222
16686,3,1,4,314
16688,4,2,3,423
16689,2,4,2,242
16690,2,4,1,241
16692,1,4,3,143
16693,2,2,2,222
16696,2,4,3,243
16697,1,3,1,131
16698,1,4,4,144
16700,4,1,4,414
16701,4,1,4,414
16705,4,1,4,414
16706,3,1,2,312
16708,3,3,3,333
16709,2,2,4,224
16710,3,1,4,314
16711,4,3,4,434
16712,4,1,4,414
16713,3,1,4,314
16714,1,2,3,123
16715,2,3,2,232
16716,1,4,2,142
16717,3,1,4,314
16718,1,2,2,122
16719,4,1,4,414
16720,3,3,1,331
16721,1,3,1,131
16722,3,1,4,314
16723,2,2,2,222
16725,1,1,3,113
16726,3,1,3,313
16727,1,2,1,121
16728,3,1,3,313
16729,3,1,4,314
16730,2,2,3,223
16732,3,3,2,332
16734,2,2,3,223
16735,2,1,4,214
16737,2,4,2,242
16738,1,4,1,141
16739,1,4,2,142
16742,3,4,1,341
16743,3,1,4,314
16744,4,1,3,413
16745,2,1,4,214
16746,4,1,4,414
16747,3,2,3,323
16748,3,2,3,323
16750,3,2,2,322
16751,3,3,4,334
16752,1,4,1,141
16753,2,3,1,231
16754,1,4,4,144
16755,2,1,3,213
16756,1,4,1,141
16757,1,4,1,141
16758,2,3,2,232
16759,4,2,3,423
16761,2,4,2,242
16762,3,2,3,323
16763,1,3,2,132
16764,4,1,4,414
16765,1,4,1,141
16766,1,3,3,133
16767,3,1,4,314
16768,3,2,2,322
16769,1,3,2,132
16770,2,1,3,213
16771,3,1,4,314
16773,2,3,1,231
16774,2,2,3,223
16775,4,1,4,414
16776,2,2,2,222
16777,2,2,1,221
16778,2,4,1,241
16779,4,1,4,414
16780,2,2,2,222
16781,1,3,2,132
16782,4,1,4,414
16784,3,4,1,341
16788,2,1,2,212
16789,4,4,1,441
16790,4,2,3,423
16791,3,1,4,314
16792,1,4,1,141
16793,2,4,1,241
16794,4,1,3,413
16795,1,2,2,122
16796,2,3,2,232
16800,4,1,3,413
16801,1,1,3,113
16803,2,3,2,232
16804,3,2,2,322
16805,1,2,2,122
16806,2,1,3,213
16807,2,2,3,223
16808,2,3,1,231
16809,3,1,3,313
16810,1,4,1,141
16811,4,3,2,432
16812,1,4,2,142
16813,4,1,4,414
16814,4,1,4,414
16816,2,3,2,232
16817,4,2,3,423
16818,4,1,4,414
16820,2,3,2,232
16823,1,3,2,132
16824,4,3,2,432
16825,3,3,3,333
16826,2,3,2,232
16828,2,4,1,241
16829,1,4,1,141
16830,3,3,2,332
16832,1,4,1,141
16833,4,2,3,423
16834,1,3,2,132
16835,2,4,1,241
16836,3,4,1,341
16837,3,1,4,314
16838,1,3,2,132
16839,4,1,4,414
16841,3,1,4,314
16842,2,2,3,223
16843,3,1,4,314
16846,3,4,1,341
16847,3,4,1,341
16848,2,4,1,241
16849,1,4,1,141
16850,1,3,2,132
16851,4,3,2,432
16852,4,4,1,441
16855,3,3,2,332
16856,4,4,1,441
16858,1,4,2,142
16859,2,2,2,222
16861,2,4,1,241
16863,3,3,2,332
16866,2,4,1,241
16869,3,1,3,313
16871,3,1,4,314
16872,2,4,3,243
16873,4,1,4,414
16875,2,1,4,214
16877,4,1,3,413
16878,2,4,1,241
16880,3,1,3,313
16881,2,4,2,242
16882,2,3,3,233
16883,1,3,1,131
16884,3,3,2,332
16885,4,2,2,422
16887,3,3,1,331
16889,1,1,3,113
16891,4,1,3,413
16892,4,2,2,422
16893,1,2,1,121
16895,2,2,1,221
16897,1,2,1,121
16898,3,1,2,312
16899,4,1,3,413
16900,4,2,1,421
16902,2,2,4,224
16903,3,2,2,322
16904,4,1,4,414
16905,4,1,4,414
16906,2,2,2,222
16907,3,1,3,313
16909,2,3,2,232
16910,4,1,3,413
16912,3,1,4,314
16913,1,4,1,141
16914,3,3,1,331
16915,4,2,2,422
16916,3,1,2,312
16917,1,4,2,142
16918,3,1,3,313
16919,1,1,4,114
16921,2,2,1,221
16923,4,1,4,414
16924,3,2,3,323
16926,1,4,1,141
16927,2,4,2,242
16928,2,1,4,214
16929,4,2,3,423
16930,3,2,2,322
16931,4,1,4,414
16932,2,2,1,221
16933,4,2,2,422
16934,2,2,3,223
16936,3,2,1,321
16938,4,1,4,414
16940,2,1,4,214
16942,4,1,4,414
16943,1,3,3,133
16945,3,1,4,314
16947,1,3,2,132
16948,2,3,2,232
16949,4,2,3,423
16950,2,2,3,223
16951,2,2,3,223
16952,2,4,1,241
16953,3,4,1,341
16954,4,2,4,424
16955,1,3,2,132
16956,3,3,1,331
16957,1,4,2,142
16959,2,4,1,241
16960,3,2,2,322
16961,2,4,1,241
16963,1,4,1,141
16965,1,3,1,131
16966,4,3,4,434
16967,1,3,2,132
16968,4,3,2,432
16969,3,2,3,323
16971,3,2,1,321
16976,1,4,1,141
16978,2,3,2,232
16979,4,2,4,424
16980,1,2,3,123
16982,2,3,2,232
16983,4,1,4,414
16984,2,1,4,214
16985,3,1,4,314
16986,3,4,4,344
16987,4,1,4,414
16988,4,4,1,441
16989,4,4,3,443
16990,1,4,1,141
16992,4,2,3,423
16995,1,4,1,141
16996,3,3,3,333
16997,1,4,3,143
16998,1,4,1,141
16999,3,3,2,332
17001,4,1,4,414
17002,2,2,3,223
17004,3,2,3,323
17006,4,2,3,423
17007,3,2,3,323
17010,3,4,1,341
17011,3,4,1,341
17014,4,2,2,422
17015,3,1,4,314
17017,4,1,4,414
17018,3,4,3,343
17019,4,1,3,413
17022,3,4,1,341
17024,3,4,1,341
17025,2,4,2,242
17026,1,4,1,141
17027,2,1,3,213
17029,2,4,3,243
17030,2,4,1,241
17031,4,3,2,432
17033,2,3,3,233
17034,4,3,3,433
17035,1,3,2,132
17037,2,2,3,223
17038,3,3,1,331
17040,2,4,2,242
17041,3,2,3,323
17042,4,2,3,423
17043,3,1,4,314
17044,3,4,3,343
17045,2,3,2,232
17046,1,3,2,132
17047,2,2,3,223
17048,2,2,3,223
17049,4,1,4,414
17050,2,1,4,214
17051,1,2,1,121
17052,3,2,2,322
17053,2,4,2,242
17054,3,2,3,323
17058,2,2,3,223
17059,3,1,4,314
17060,1,4,1,141
17061,2,2,4,224
17062,1,2,2,122
17063,3,2,3,323
17064,2,2,3,223
17065,1,4,1,141
17068,4,1,4,414
17069,3,1,4,314
17070,2,2,2,222
17071,3,1,4,314
17073,3,1,3,313
17075,3,2,3,323
17076,3,3,3,333
17078,3,3,2,332
17079,2,4,1,241
17080,3,4,1,341
17081,3,2,1,321
17082,3,2,4,324
17083,2,2,3,223
17084,3,1,4,314
17085,2,1,3,213
17086,4,2,4,424
17088,3,1,4,314
17090,4,2,4,424
17091,4,1,4,414
17092,3,1,4,314
17094,1,4,1,141
17095,3,2,3,323
17096,4,2,3,423
17097,4,1,3,413
17100,3,2,3,323
17101,4,2,4,424
17102,1,4,1,141
17105,1,2,3,123
17107,3,1,4,314
17109,3,1,3,313
17110,1,4,1,141
17111,3,3,1,331
17114,4,1,3,413
17115,4,2,3,423
17117,1,4,1,141
17118,1,4,1,141
17119,4,3,2,432
17120,1,3,2,132
17122,2,4,1,241
17123,1,4,2,142
17124,1,3,2,132
17125,3,3,1,331
17126,1,1,3,113
17128,1,4,1,141
17131,4,1,4,414
17133,4,3,4,434
17134,2,3,2,232
17135,4,2,3,423
17138,1,3,2,132
17139,4,1,4,414
17140,1,3,2,132
17142,1,4,2,142
17144,4,2,3,423
17146,2,3,3,233
17147,3,2,4,324
17148,2,4,1,241
17152,1,4,3,143
17153,3,4,1,341
17154,2,3,2,232
17155,3,3,1,331
17157,4,4,2,442
17158,3,2,3,323
17159,3,1,3,313
17160,3,1,4,314
17162,3,1,4,314
17163,3,4,1,341
17164,3,1,4,314
17165,1,4,1,141
17166,3,4,1,341
17169,2,2,3,223
17171,1,4,1,141
17172,2,4,2,242
17173,4,2,4,424
17174,1,4,1,141
17175,3,2,3,323
17176,1,4,2,142
17179,1,2,3,123
17180,2,1,3,213
17181,2,3,1,231
17183,4,2,4,424
17186,3,4,1,341
17187,1,4,1,141
17188,4,2,4,424
17189,2,2,2,222
17190,2,3,1,231
17191,3,1,4,314
17193,3,3,4,334
17194,1,3,1,131
17197,3,3,3,333
17198,3,2,3,323
17201,2,3,2,232
17203,3,1,4,314
17204,1,2,3,123
17205,2,4,2,242
17206,2,4,1,241
17211,3,1,4,314
17212,1,4,1,141
17213,3,1,4,314
17214,2,1,3,213
17217,1,4,1,141
17218,4,1,4,414
17219,3,3,1,331
17220,3,1,4,314
17221,4,2,2,422
17222,2,3,2,232
17223,1,2,2,122
17226,1,3,2,132
17227,3,2,3,323
17228,4,1,4,414
17229,2,2,2,222
17230,1,2,4,124
17231,4,1,4,414
17232,4,3,2,432
17233,3,3,1,331
17234,1,4,1,141
17235,3,3,2,332
17236,4,1,3,413
17237,4,3,2,432
17238,4,1,4,414
17239,1,4,2,142
17242,2,3,3,233
17243,4,1,4,414
17244,2,3,3,233
17245,1,4,1,141
17247,4,2,1,421
17248,2,2,2,222
17250,4,2,2,422
17251,1,3,1,131
17252,2,2,2,222
17253,3,3,1,331
17254,4,1,1,411
17255,3,2,2,322
17256,2,4,1,241
17259,1,1,2,112
17262,2,4,3,243
17263,1,3,1,131
17265,2,1,2,212
17266,4,2,2,422
17267,2,3,2,232
17268,2,4,3,243
17272,3,1,4,314
17274,3,3,1,331
17277,1,2,3,123
17278,1,4,1,141
17279,2,4,1,241
17282,2,2,4,224
17284,2,1,4,214
17286,3,2,1,321
17287,3,1,3,313
17288,4,1,3,413
17289,3,1,3,313
17290,4,1,2,412
17291,1,4,2,142
17293,4,1,4,414
17295,3,2,2,322
17297,3,2,1,321
17298,2,3,2,232
17299,4,2,3,423
17301,3,2,1,321
17302,4,2,3,423
17303,1,2,1,121
17306,4,2,4,424
17307,1,4,1,141
17309,2,4,1,241
17311,2,2,3,223
17312,2,4,2,242
17313,3,3,4,334
17314,3,1,4,314
17315,4,1,4,414
17317,3,4,4,344
17320,2,2,3,223
17321,4,1,3,413
17323,4,1,3,413
17324,3,2,3,323
17325,1,4,1,141
17329,4,3,2,432
17330,3,4,2,342
17331,2,4,1,241
17333,2,3,2,232
17334,1,4,2,142
17337,1,1,4,114
17338,3,1,4,314
17339,2,4,1,241
17340,3,1,4,314
17341,1,1,3,113
17343,1,3,1,131
17344,3,3,1,331
17345,4,2,2,422
17346,4,1,4,414
17347,2,4,1,241
17348,4,1,3,413
17349,1,4,1,141
17350,4,2,3,423
17351,3,3,2,332
17353,2,4,4,244
17354,3,4,3,343
17356,1,3,1,131
17357,3,2,2,322
17358,1,2,2,122
17359,4,4,1,441
17360,3,1,2,312
17361,3,3,2,332
17362,1,3,2,132
17364,4,1,4,414
17365,4,1,4,414
17367,1,3,1,131
17368,3,1,3,313
17370,2,3,2,232
17371,3,2,2,322
17372,3,1,3,313
17373,3,2,2,322
17374,1,3,2,132
17375,1,2,2,122
17376,2,3,1,231
17377,3,1,4,314
17379,4,2,2,422
17381,4,1,4,414
17382,2,4,1,241
17383,4,2,1,421
17384,3,4,2,342
17385,4,2,1,421
17386,4,3,4,434
17387,3,2,3,323
17388,2,4,3,243
17389,4,1,4,414
17391,1,4,2,142
17392,1,2,2,122
17394,1,4,1,141
17396,3,3,4,334
17397,3,2,3,323
17398,2,3,3,233
17400,2,1,4,214
17402,4,2,4,424
17403,3,3,1,331
17404,4,1,4,414
17405,4,2,3,423
17406,1,1,4,114
17408,1,4,1,141
17409,1,4,3,143
17410,4,2,3,423
17411,4,2,3,423
17412,4,2,3,423
17414,3,4,3,343
17415,2,4,2,242
17416,3,1,4,314
17418,3,3,2,332
17419,4,1,4,414
17420,3,3,2,332
17422,4,1,4,414
17423,3,3,3,333
17425,3,2,3,323
17426,4,1,4,414
17427,2,4,1,241
17428,4,1,4,414
17429,2,2,2,222
17430,3,4,1,341
17431,1,2,2,122
17432,3,2,2,322
17433,2,2,2,222
17434,4,1,4,414
17436,4,4,1,441
17438,1,3,2,132
17440,1,4,1,141
17442,3,1,4,314
17443,1,4,2,142
17444,1,1,4,114
17446,1,4,1,141
17447,3,3,2,332
17448,1,4,1,141
17449,4,1,4,414
17450,4,1,4,414
17451,4,1,4,414
17453,3,3,2,332
17454,1,2,2,122
17455,1,4,1,141
17456,1,3,1,131
17457,2,3,4,234
17458,4,2,2,422
17459,3,1,3,313
17460,2,3,2,232
17461,3,1,3,313
17462,2,3,3,233
17463,4,1,4,414
17464,1,4,1,141
17466,4,3,3,433
17468,4,4,1,441
17469,4,2,4,424
17470,3,2,3,323
17472,1,1,3,113
17475,2,4,1,241
17480,2,3,2,232
17481,4,2,3,423
17483,2,3,2,232
17486,1,3,2,132
17489,2,3,2,232
17490,4,2,4,424
17491,4,1,4,414
17492,1,4,2,142
17495,4,3,2,432
17496,1,4,1,141
17498,2,3,1,231
17499,1,3,2,132
17500,3,4,3,343
17501,1,3,1,131
17502,4,3,3,433
17503,4,3,2,432
17504,1,1,4,114
17505,1,2,3,123
17506,2,4,2,242
17507,1,2,2,122
17508,1,3,2,132
17509,2,1,4,214
17510,3,3,2,332
17511,4,1,4,414
17512,3,1,4,314
17513,2,4,2,242
17514,2,3,1,231
17515,3,2,2,322
17516,4,1,3,413
17517,1,4,1,141
17519,3,2,4,324
17520,2,3,2,232
17521,3,2,3,323
17522,4,2,3,423
17523,4,3,3,433
17524,1,4,1,141
17525,1,4,2,142
17526,4,3,3,433
17527,2,2,3,223
17528,4,1,4,414
17530,4,1,4,414
17531,1,4,1,141
17534,2,4,1,241
17535,1,4,1,141
17536,1,4,1,141
17537,3,2,3,323
17538,3,4,1,341
17540,3,3,2,332
17542,1,3,1,131
17545,3,1,2,312
17547,1,4,1,141
17548,1,3,1,131
17549,3,4,1,341
17550,1,2,1,121
17551,1,2,2,122
17552,2,2,3,223
17553,2,4,3,243
17554,4,2,4,424
17555,3,1,2,312
17556,1,4,1,141
17557,4,3,2,432
17560,2,3,3,233
17561,3,2,1,321
17562,4,2,3,423
17564,3,2,2,322
17566,4,1,3,413
17567,4,1,4,414
17569,1,3,2,132
17571,3,1,3,313
17572,2,4,1,241
17573,3,3,2,332
17574,1,4,1,141
17576,4,1,4,414
17578,1,4,1,141
17579,4,2,2,422
17580,1,2,1,121
17581,4,1,4,414
17582,1,3,1,131
17584,4,3,3,433
17585,2,1,3,213
17588,2,3,3,233
17589,2,1,4,214
17590,4,1,3,413
17591,2,1,4,214
17593,4,1,4,414
17594,2,2,3,223
17595,4,2,2,422
17596,3,1,4,314
17597,1,2,4,124
17600,3,4,1,341
17601,1,4,1,141
17602,4,1,4,414
17603,2,4,1,241
17604,1,2,2,122
17608,3,2,1,321
17609,3,1,3,313
17611,4,1,4,414
17612,2,1,4,214
17613,3,1,4,314
17614,2,2,2,222
17615,2,4,2,242
17616,1,4,2,142
17618,4,2,3,423
17619,1,2,1,121
17620,2,4,1,241
17621,3,3,3,333
17623,3,3,2,332
17624,4,2,3,423
17625,3,1,4,314
17628,2,4,1,241
17629,4,1,4,414
17630,1,3,2,132
17631,4,3,2,432
17633,3,2,3,323
17634,3,1,4,314
17636,3,3,1,331
17637,3,3,2,332
17639,1,4,1,141
17640,2,4,2,242
17642,2,3,3,233
17643,1,4,1,141
17644,4,1,4,414
17646,1,2,3,123
17647,2,4,1,241
17648,2,2,4,224
17649,2,2,3,223
17650,3,4,1,341
17651,4,1,4,414
17652,3,1,4,314
17653,3,2,3,323
17654,1,3,1,131
17655,4,2,4,424
17656,2,2,4,224
17658,3,3,2,332
17659,3,1,4,314
17660,2,2,1,221
17663,3,2,4,324
17664,3,2,2,322
17666,4,3,3,433
17667,2,1,4,214
17668,4,4,2,442
17669,3,2,4,324
17670,1,4,1,141
17671,4,2,3,423
17672,3,1,4,314
17673,4,1,4,414
17674,2,3,2,232
17675,4,1,4,414
17676,4,2,3,423
17677,4,1,4,414
17678,1,4,2,142
17679,2,3,4,234
17680,3,4,1,341
17682,4,1,4,414
17684,3,4,1,341
17685,4,1,4,414
17686,4,1,4,414
17690,3,1,4,314
17691,1,3,1,131
17692,2,2,3,223
17693,2,3,1,231
17694,2,4,1,241
17695,2,3,3,233
17696,3,1,4,314
17697,1,3,2,132
17698,1,4,1,141
17700,4,1,4,414
17701,1,3,2,132
17702,3,2,4,324
17703,3,2,3,323
17704,1,3,3,133
17705,4,1,4,414
17706,4,1,4,414
17707,1,4,1,141
17708,1,3,1,131
17709,1,4,1,141
17711,4,3,2,432
17712,3,3,2,332
17714,1,4,1,141
17715,1,4,2,142
17716,3,1,4,314
17718,1,4,1,141
17719,3,1,4,314
17720,3,2,3,323
17722,2,1,4,214
17723,2,4,4,244
17724,2,2,3,223
17725,4,1,4,414
17727,4,2,3,423
17728,4,1,4,414
17730,4,1,4,414
17731,2,2,3,223
17732,1,3,2,132
17733,3,3,3,333
17734,2,2,3,223
17735,4,1,4,414
17736,4,3,2,432
17737,4,4,1,441
17738,3,2,4,324
17739,4,2,4,424
17742,2,4,2,242
17744,4,1,4,414
17746,1,4,1,141
17747,2,4,1,241
17749,1,3,3,133
17750,4,1,4,414
17752,1,4,1,141
17754,4,2,4,424
17757,4,1,4,414
17758,3,1,4,314
17759,3,2,3,323
17760,3,3,1,331
17761,3,3,3,333
17763,1,4,1,141
17764,3,2,3,323
17765,1,2,2,122
17767,4,3,1,431
17768,4,1,4,414
17769,4,1,4,414
17770,1,3,3,133
17771,2,2,1,221
17772,4,2,1,421
17774,2,1,3,213
17775,1,4,1,141
17777,3,1,3,313
17779,3,2,2,322
17781,1,4,1,141
17783,2,2,1,221
17785,2,4,1,241
17786,2,2,1,221
17787,1,1,4,114
17788,2,4,3,243
17789,1,4,1,141
17790,3,1,4,314
17791,3,4,1,341
17793,3,2,2,322
17795,1,2,2,122
17796,3,2,3,323
17797,3,1,3,313
17799,3,1,4,314
17800,3,1,3,313
17802,2,1,3,213
17805,2,4,2,242
17806,4,2,2,422
17809,4,2,4,424
17811,4,1,4,414
17812,4,1,3,413
17813,4,1,4,414
17816,3,3,1,331
17817,4,3,2,432
17819,2,2,4,224
17820,1,4,1,141
17824,2,4,2,242
17827,4,1,4,414
17828,3,2,3,323
17829,1,3,3,133
17830,4,3,2,432
17831,3,4,1,341
17832,3,2,1,321
17835,4,2,2,422
17836,3,3,1,331
17837,3,1,3,313
17838,3,1,4,314
17839,3,2,2,322
17841,4,1,4,414
17843,1,3,1,131
17844,2,4,1,241
17846,2,4,4,244
17848,2,2,3,223
17849,1,3,2,132
17850,1,1,4,114
17852,4,3,1,431
17854,1,4,2,142
17855,1,3,1,131
17856,4,3,3,433
17857,4,2,4,424
17858,4,1,4,414
17859,1,3,1,131
17860,1,2,1,121
17861,4,1,4,414
17862,1,4,2,142
17863,2,1,4,214
17864,4,1,2,412
17865,3,1,4,314
17866,2,4,2,242
17867,3,2,2,322
17869,2,3,2,232
17870,4,1,4,414
17871,1,4,1,141
17873,2,2,4,224
17874,1,2,3,123
17877,1,4,1,141
17878,3,3,2,332
17879,1,4,1,141
17880,1,3,2,132
17881,1,4,1,141
17883,4,1,3,413
17884,4,1,3,413
17885,4,2,1,421
17886,3,1,3,313
17887,2,4,1,241
17888,3,2,2,322
17889,1,3,1,131
17890,1,2,2,122
17891,1,3,1,131
17892,2,3,1,231
17893,1,4,1,141
17894,2,1,3,213
17895,3,4,1,341
17896,3,4,1,341
17897,1,1,2,112
17898,2,3,1,231
17899,1,3,1,131
17900,1,4,1,141
17901,3,3,1,331
17904,3,3,1,331
17905,2,3,3,233
17906,1,4,1,141
17908,1,2,1,121
17911,4,3,2,432
17912,1,3,2,132
17913,2,2,2,222
17914,4,2,2,422
17917,3,2,2,322
17919,2,3,3,233
17920,4,1,4,414
17921,2,1,3,213
17923,1,4,1,141
17924,4,3,4,434
17925,1,4,1,141
17926,2,3,2,232
17928,3,3,1,331
17929,4,4,3,443
17930,3,3,4,334
17931,2,2,2,222
17932,3,2,3,323
17934,2,3,3,233
17935,2,3,1,231
17936,4,2,2,422
17937,4,2,4,424
17939,1,4,1,141
17940,3,3,4,334
17941,2,4,2,242
17942,4,4,1,441
17946,1,3,1,131
17947,3,4,1,341
17948,1,4,2,142
17949,4,2,4,424
17950,2,2,2,222
17951,3,3,3,333
17954,4,1,4,414
17955,1,3,2,132
17956,1,4,1,141
17957,2,3,1,231
17958,2,4,2,242
17960,1,3,1,131
17961,3,1,3,313
17962,2,3,1,231
17964,3,1,2,312
17965,3,1,4,314
17966,3,2,3,323
17967,1,2,1,121
17968,1,2,1,121
17969,1,4,1,141
17970,1,3,2,132
17972,1,3,1,131
17973,2,4,2,242
17974,3,1,3,313
17975,4,1,4,414
17976,1,2,2,122
17977,3,3,1,331
17978,1,4,2,142
17979,3,1,3,313
17980,1,3,3,133
17984,2,2,1,221
17985,3,3,2,332
17986,2,4,1,241
17987,1,4,1,141
17988,4,3,1,431
17990,1,3,2,132
17991,1,4,1,141
17994,2,2,2,222
17995,1,4,1,141
17997,2,1,3,213
17999,3,2,2,322
18001,4,2,2,422
18004,1,3,1,131
18005,4,2,1,421
18006,3,3,2,332
18008,2,3,4,234
18009,1,3,1,131
18010,1,4,1,141
18011,1,3,1,131
18013,1,3,1,131
18014,3,3,1,331
18015,4,2,1,421
18016,3,1,3,313
18017,2,4,2,242
18018,2,3,1,231
18019,2,4,1,241
18022,3,1,3,313
18024,1,3,1,131
18027,2,3,1,231
18030,4,4,1,441
18032,1,4,1,141
18033,2,3,1,231
18034,3,1,2,312
18035,3,2,3,323
18036,3,2,2,322
18037,1,3,1,131
18040,3,3,2,332
18041,4,1,4,414
18042,2,4,1,241
18043,3,1,2,312
18044,4,1,4,414
18045,3,2,1,321
18048,1,4,1,141
18050,1,4,1,141
18053,2,3,2,232
18055,4,1,4,414
18056,1,3,2,132
18058,4,4,1,441
18059,3,3,2,332
18061,3,2,4,324
18062,1,3,3,133
18064,2,4,3,243
18065,4,1,4,414
18066,2,4,2,242
18067,3,3,2,332
18068,1,4,1,141
18069,3,1,4,314
18071,1,3,2,132
18072,1,3,1,131
18073,2,2,4,224
18074,1,4,2,142
18075,3,1,4,314
18077,4,1,4,414
18078,1,3,2,132
18079,3,1,4,314
18080,3,4,3,343
18081,3,3,2,332
18082,3,2,3,323
18084,4,4,1,441
18085,1,3,3,133
18086,1,4,1,141
18087,2,4,4,244
18088,2,3,1,231
18092,4,2,4,424
18093,2,3,4,234
18094,2,2,4,224
18095,1,3,2,132
18096,4,1,3,413
18097,4,1,4,414
18099,2,3,1,231
18101,4,3,1,431
18102,4,1,4,414
18104,3,3,3,333
18105,3,3,1,331
18106,1,3,2,132
18108,1,3,1,131
18109,4,1,4,414
18110,3,2,1,321
18112,4,3,2,432
18113,1,4,1,141
18114,1,3,1,131
18116,2,1,3,213
18117,3,2,2,322
18118,4,1,4,414
18119,1,3,1,131
18120,1,3,1,131
18121,1,3,3,133
18122,4,1,4,414
18123,3,3,2,332
18125,3,1,3,313
18126,2,2,1,221
18127,3,2,2,322
18129,1,4,1,141
18130,4,2,3,423
18133,1,4,3,143
18135,3,3,3,333
18136,2,3,3,233
18138,1,4,1,141
18139,3,1,4,314
18141,1,4,1,141
18142,1,3,3,133
18143,2,2,3,223
18144,4,2,4,424
18145,4,1,4,414
18146,2,4,1,241
18147,3,4,1,341
18149,3,4,2,342
18150,3,3,2,332
18151,2,3,3,233
18154,4,3,2,432
18155,2,3,2,232
18156,4,1,3,413
18158,4,3,2,432
18159,1,3,2,132
18160,2,3,2,232
18161,4,2,4,424
18164,3,3,2,332
18165,1,4,2,142
18167,3,2,3,323
18168,1,1,3,113
18169,2,4,1,241
18170,3,3,3,333
18171,2,2,3,223
18172,4,1,4,414
18173,2,3,4,234
18174,4,4,1,441
18176,1,3,2,132
18177,3,2,3,323
18178,2,2,3,223
18179,4,2,4,424
18180,4,1,4,414
18181,3,2,2,322
18183,1,2,2,122
18184,4,4,1,441
18185,1,3,2,132
18188,4,2,4,424
18189,2,2,3,223
18190,1,4,1,141
18191,1,4,1,141
18192,2,2,3,223
18193,1,3,1,131
18194,2,4,3,243
18196,2,1,3,213
18198,4,1,4,414
18200,2,3,1,231
18202,1,2,3,123
18203,1,3,1,131
18204,2,1,4,214
18205,3,3,2,332
18209,3,4,1,341
18210,4,1,4,414
18211,3,2,2,322
18212,1,2,1,121
18213,1,4,1,141
18215,2,4,2,242
18216,3,3,2,332
18217,3,3,2,332
18218,1,3,2,132
18219,4,1,4,414
18220,1,4,2,142
18221,3,2,3,323
18222,2,3,2,232
18223,4,1,4,414
18224,1,4,1,141
18225,4,1,4,414
18226,3,1,4,314
18227,1,4,1,141
18228,2,3,3,233
18229,4,1,4,414
18230,4,2,4,424
18231,1,1,4,114
18232,2,3,2,232
18233,1,4,2,142
18235,2,1,4,214
18236,3,2,3,323
18237,4,2,3,423
18239,1,2,3,123
18240,3,4,2,342
18241,4,1,4,414
18242,2,2,4,224
18245,4,1,4,414
18246,3,4,2,342
18248,2,2,3,223
18249,3,4,1,341
18250,1,3,2,132
18251,2,4,4,244
18252,3,2,2,322
18255,2,4,1,241
18256,1,4,1,141
18257,3,1,4,314
18259,3,2,4,324
18260,1,1,4,114
18261,3,3,2,332
18262,2,4,1,241
18263,3,2,3,323
18265,2,2,3,223
18268,2,4,1,241
18269,1,4,1,141
18270,3,4,1,341
18272,4,1,4,414
18273,4,4,1,441
18274,3,3,1,331
18276,3,4,2,342
18277,2,4,1,241
18278,2,4,1,241
18280,1,4,1,141
18281,1,4,1,141
18282,4,4,1,441
18283,4,1,4,414
18287,3,2,4,324
